mp_country,mp_party,mp_name,mp_screen_name
basque,EH Bildu,"Agirre Garitaonandia, Jasone",@agirregarita
basque,EH Bildu,"Arzuaga Gumuzio, Julen",@julenaretakoa
basque,EH Bildu,"Casanova Alonso, Iker",@ikerkasanova
basque,EH Bildu,"Estarrona Elizondo, Josu",@josu_estarrona
basque,EH Bildu,"Etxebarria Astondoa, Itxaso",@itxasoe
basque,EH Bildu,"Etxebarrieta Legrand, Oihana",@betaurrekomorea
basque,EH Bildu,"Fernandez de Betoño Saenz de Lacuesta, Unai",@unaifdb
basque,EH Bildu,"Garcia Ortega, Pazis",@pazisgo
basque,EH Bildu,"Garde Ramirez, Maria",@mariagardee
basque,EH Bildu,"Iriarte Okiñena, Maddalen",@maddaleniriarte
basque,EH Bildu,"Iriarte San Vicente, Ibai",@ibaiiriarte
basque,EH Bildu,"Kortajarena Ibañez, Nerea",@nkortajarena
basque,EH Bildu,"Martinez Axpe, Lore",@loreabarik
basque,EH Bildu,"Otero Gabirondo, Mikel",@otero_mikel
basque,EH Bildu,"Pinedo Bustamante, Leire",@pinedoleire
basque,EH Bildu,"Rodriguez Torres, Arkaitz",@arkarodriguez
basque,EH Bildu,"Saez de Egilaz Ramos, Eraitz",@eraitzsaez
basque,EH Bildu,"Ubera Aranzeta, Rebeka",@rebekaubera
basque,Mixto TP,"Martínez Grisaleña, Amaia",@amaiamartinez17
basque,PNV,"Arrizabalaga Arruza, Leixuri",@leixuria
basque,PNV,"Berrojalbiz Zabala, Itxaso",@zornotzarra1
basque,PNV,"Díez Antxustegi, Joseba",@josebadian
basque,PNV,"Erkoreka Gervasio, Josu",@jerkoreka
basque,PNV,"Grajales Rodríguez, Unai",@unaigrajales
basque,PNV,"Larrauri Aranguren, Estibaliz",@elarrauri
basque,PNV,"Lupardo Atutxa, Nerea",@nlatutxa
basque,PNV,"Suso Pérez de Arenaza, José Antonio",@jsuso
basque,PNV,"Tellería Orriols, Luis Javier",@luisjatelle
basque,PNV,"Urkullu Renteria, Iñigo",@iurkullu
basque,PNV,"Zuluaga Zamalloa, Irune",@irunearino
basque,PP+Cs,"Barrio Baroja, Carmelo",@barriobaroja
basque,PP+Cs,"Garrido Knörr, Laura",@lgarridoknorr
basque,PP+Cs,"Gil Vegas, José Manuel",@josem_gil3
basque,PP+Cs,"Iturgaiz Angulo, Carlos",@carlositurgaiz
basque,PP+Cs,"Larrea Laso, Muriel",@muriellarrea
basque,PSOE,"Corcuera Leunda, Susana",@susanacorcueral
basque,PSOE,"Pastor Garrido, José Antonio",@joseanpastor
basque,PSOE,"Rico Lezama, Ekain",@ekainrico
basque,Podemos,"González Rodríguez, Isabel",@isabel_gonzal
basque,Podemos,"Gorrotxategi Azurmendi, Miren",@migorrotxategi
basque,Podemos,"Hernández Hidalgo, Jon",@txonigorri
basque,Podemos,"Martínez Zatón, Iñigo",@inigomzaton
catalan,CUP,Basha Changuerra,@bashachanguerra
catalan,CUP,Carles Riera i Albert,@carlesral
catalan,CUP,Daniel Cornellà i Detrell,@danicornella
catalan,CUP,Dolors Sabater,@mariadolorsa
catalan,CUP,Eulàlia Reguant i Cura,@aramateix
catalan,CUP,Laia Estrada i Cañón,@estradalaia
catalan,CUP,Maria Sirvent i Escrig,@mariasirvnt
catalan,CUP,Natàlia Sànchez i Dipp,@nataliadipp
catalan,CUP,Pau Juvillà i Ballester,@pjuvilla
catalan,CUP,Vidal Aragonés i Chicharro,@vidalaragones
catalan,CUP,Xavier Pellicer i Pareja,@xavipalli
catalan,Ciudadanos,Anna Grau,@annagrauarias
catalan,Ciudadanos,Blanca Victoria Navarro Pacheco,@blanca_vic
catalan,Ciudadanos,Carlos Carrizosa Torres,@carrizosacarlos
catalan,Ciudadanos,Carmen de Rivera i Pla,@carmenderivera
catalan,Ciudadanos,David Bertran Román,@dbertranroman
catalan,Ciudadanos,David Mejía Ayra,@davidmejiayra
catalan,Ciudadanos,Dimas Gragera Velaz,@dimasciudadano
catalan,Ciudadanos,Elisabeth Valencia Mimbrero,@evalmim
catalan,Ciudadanos,Francisco Javier Domínguez Serrano,@fjdominguez8
catalan,Ciudadanos,Héctor Amelló Montiu,@hector_amello
catalan,Ciudadanos,Javier Rivas Escamilla,@jrivasescamilla
catalan,Ciudadanos,Jean Castel Sucarrat,@gironajean
catalan,Ciudadanos,Joan García González,@joansabadell
catalan,Ciudadanos,Jorge Feijóo Suñol,@jocafeijoo
catalan,Ciudadanos,Jorge Soler González,@jsolercs
catalan,Ciudadanos,José María Cano Navarro,@josemariacanocs
catalan,Ciudadanos,Laura Vílchez Sánchez,@lauravilchezs
catalan,Ciudadanos,Lorena Roldán,@lroldansu
catalan,Ciudadanos,Maialen Fernández Cabezas,@maialenfdez
catalan,Ciudadanos,Manuel Rodríguez de l'Hotellerie de Fallois,@mrodriguez_cs
catalan,Ciudadanos,Marina Bravo Sobrino,@marinabs_cs
catalan,Ciudadanos,Martí  Pachamé Barrera,@pachameb
catalan,Ciudadanos,Martín Eusebio Barra López,@_martinbarra
catalan,Ciudadanos,María Francisca Valle Fuentes,@mariavalle7
catalan,Ciudadanos,María Luz Guilarte Sánchez,@mluzguilarte
catalan,Ciudadanos,María del Camino Fernández Riol,@caminofernndez
catalan,Ciudadanos,Matías Alonso Ruiz,@malonsocs
catalan,Ciudadanos,Mercè Escofet Sala,@escofetmerce
catalan,Ciudadanos,Munia Fernández-Jordán Celorio,@muniafj
catalan,Ciudadanos,Nacho Martín Blanco,@nmartinblanco
catalan,Ciudadanos,Noemí de la Calle Sifré,@noemi_delacalle
catalan,Ciudadanos,Sergi Sanz Jiménez,@sergiobarcelona
catalan,Ciudadanos,Sonia Sierra Infante,@soniasierra02
catalan,Ciudadanos,Susana Beltrán García,@susanabeltranga
catalan,ERC,Adriana Delgado i Herreros,@adrianadelgadoh
catalan,ERC,Alba Vergés i Bosch,@albaverges
catalan,ERC,Ana Maria Balsera i Marín,@anabalseramarin
catalan,ERC,Anna Caula i Paretas,@anna_caula
catalan,ERC,Antoni Castellà i Clavé,@castellatoni
catalan,ERC,Antoni Comín i Oliveres,@toni_comin
catalan,ERC,Assumpció Laïlla i Jou,@titonlailla
catalan,ERC,Aurora Carbonell i Abella,@aurorasitges
catalan,ERC,Bartomeu Compte i Masmitjà,@bartomeucompte
catalan,ERC,Bernat Solé i Barril,@bernatsole
catalan,ERC,Carme Forcadell,@forcadellcarme
catalan,ERC,Chakir El Homrani Lesfar,@chakirelhomrani
catalan,ERC,David Rodríguez González,@david_drg
catalan,ERC,Dolors Bassa,@dolorsbassac
catalan,ERC,Eduardo Reyes Pino,@eduardorepi
catalan,ERC,Ernest Maragall i Mira,@ernestmaragall
catalan,ERC,Ester Capella i Farré,@estercapella
catalan,ERC,Eugeni Villalbí i Godes,@eugenivillalbi
catalan,ERC,Ferran Civit i Martí,@civitimarti
catalan,ERC,Francesc Viaplana i Manresa,@xescoviaplana
catalan,ERC,Gerard Gómez del Moral i Fuster,@gerardgomezf
catalan,ERC,Irene Fornós i Curto,@irenefornos
catalan,ERC,Jenn Díaz,@jnndiaz
catalan,ERC,Jordi Albert i Caballero,@santandreuenc
catalan,ERC,Jordi Orobitg i Solé,@jordi_orobitg
catalan,ERC,Jordina Freixanet Pardo,@jfreixanet
catalan,ERC,Josep Lluís Salvadó i Tenesa,@llsalvado
catalan,ERC,Josep Maria Jové i Lladó,@jmjovellado
catalan,ERC,José Rodríguez Fernández,@trinitro
catalan,ERC,Julià Fernàndez i Olivares,@julifernandez
catalan,ERC,Lluïsa Llop i Fernàndez,@lluisallop
catalan,ERC,Magda Casamitjana i Aguilà,@magdacas
catalan,ERC,Marc Sanglas i Alcantarilla,@msanglas
catalan,ERC,Marta Rovira i Vergés,@martarovira
catalan,ERC,Marta Vilalta i Torres,@martavilaltat
catalan,ERC,Meritxell Serret,@meritxellserret
catalan,ERC,Montserrat Fornells Solé,@mfornells
catalan,ERC,Mònica Palacín i París,@monicapalacin29
catalan,ERC,Najat Driouech Ben Moussa,@najat_driouech
catalan,ERC,Noemí Llauradó i Sans,@nllaurado
catalan,ERC,Nuria Picas Albets,@nuriapicas
catalan,ERC,Oriol Junqueras,@junqueras
catalan,ERC,Pau Morales i Romero,@pauvilassar
catalan,ERC,Pere Aragonès i Garcia,@perearagones
catalan,ERC,Q104145672,@jaumebutinya
catalan,ERC,Q104630960,@engelbert1714
catalan,ERC,Q104635128,@irenemont_roig
catalan,ERC,Raquel Sans i Guerra,@raquelsans
catalan,ERC,Raül Romeva,@raulromeva
catalan,ERC,Roger Torrent i Ramió,@rogertorrent
catalan,ERC,Ruben Wagensberg,@wagensberg
catalan,ERC,Rut Ribas i Martí,@rutribas
catalan,ERC,Sergi Sabrià i Benito,@sergisabria
catalan,ERC,Teresa Jordà i Roura,@teresajorda
catalan,ERC,Òscar Peris i Ròdenas,@oscarperis
catalan,Junts,Albert Batet Canadell,@albertbatet
catalan,Junts,Anna Erra i Solà,@anna_erra
catalan,Junts,Anna Geli España,@geli_anna
catalan,Junts,Antoni Morral i Berenguer,@morraltoni
catalan,Junts,Aurora Madaula i Giménez,@aurora_madaula
catalan,Junts,Carles Puigdemont,@krls
catalan,Junts,Clara Ponsatí i Obiols,@claraponsati
catalan,Junts,Cristina Casol Segués,@cnacasol
catalan,Junts,Damià Calvet i Valera,@damiacalvet
catalan,Junts,David Saldoni de Tena,@davidsaldoni
catalan,Junts,Elsa Artadi i Vila,@elsa_artadi
catalan,Junts,Eusebi Campdepadrós,@ecampdepadros
catalan,Junts,Ferran Mascarell i Canalda,@ferranmascarell
catalan,Junts,Ferran Roquer Padrosa,@tionroquer
catalan,Junts,Francesc de Dalmases i Thió,@francescd
catalan,Junts,Gemma Geis i Carreras,@gemmageis
catalan,Junts,Glòria Freixa i Vilardell,@gloriafreixav
catalan,Junts,Imma Gallardo Barceló,@immagallardo
catalan,Junts,Irene Negre Estorach,@irenenegre
catalan,Junts,Joan Canadell Bruguera,@jcanadellb
catalan,Junts,Joaquim Forn,@quimforn
catalan,Junts,Jordi Munell Garcia,@jordimunell
catalan,Junts,Jordi Puigneró i Ferrer,@jordipuignero
catalan,Junts,Jordi Sànchez i Picanyol,@jordisanchezp
catalan,Junts,Jordi Turull i Negre,@jorditurull
catalan,Junts,Josep Costa i Rosselló,@josepcosta
catalan,Junts,Josep Maria Forné i Febrer,@josepmforne
catalan,Junts,Josep Puig i Boix,@peppuigiboix
catalan,Junts,Josep Riera i Font,@peprierafont
catalan,Junts,Josep Rius,@josep_rius
catalan,Junts,Josep Rull i Andreu,@joseprull
catalan,Junts,Judith Toronjo Nofuentes,@judithtoronjo
catalan,Junts,Laura Borràs i Castanyer,@mhp_lauraborras
catalan,Junts,Lluís Guinó Subirós,@lluisguino
catalan,Junts,Lluís Puig i Gordi,@lluispuiggordi
catalan,Junts,Lourdes Ciuró i Buldó,@lciuro
catalan,Junts,Marc Solsona Aixalà,@solsona_marc
catalan,Junts,Maria Elena Fort i Cisneros,@fortelena
catalan,Junts,Maria Senserrich i Guitart,@msenserrich
catalan,Junts,Marta Madrenas i Mir,@martamadrenas
catalan,Junts,Meritxell Budó i Pla,@meritxellbudo
catalan,Junts,Miquel Buch Moya,@miquelbuch
catalan,Junts,Montserrat Macià i Gou,@maciagou
catalan,Junts,Mònica Sales de la Cruz,@mncsls
catalan,Junts,Q108091831,@ester_valles
catalan,Junts,Quim Torra,@quimtorraipla
catalan,Junts,Ramon Tremosa i Balcells,@ramontremosa
catalan,Junts,Salvador Vergés Tejero,@salvaverges
catalan,Junts,Salwa El Garbhi,@salwa_elgharbi
catalan,Junts,Teresa Pallarès Piqué,@mtpallares
catalan,Junts,Xavier Quinquillà Durich,@xaviquinquilla
catalan,PP,Alejandro Fernández Álvarez,@alejandrotgn
catalan,PP,Andrea Levy Soler,@alevysoler
catalan,PP,Daniel Serrano Coronado,@daniserranopp
catalan,PP,Esperanza García González,@esperanzagarcpp
catalan,PP,Manuel Reyes,@manureyeslopez
catalan,PP,Santiago Rodríguez Serra,@santirodriguez
catalan,PP,Xavier García Albiol,@albiol_xg
catalan,PSC,Alícia Romero Llano,@aliciarll
catalan,PSC,Assumpta Escarp Gibert,@aescarp
catalan,PSC,Beatriz Silva Gallardo,@beasilva9
catalan,PSC,Carles Castillo Rosique,@carlestgna
catalan,PSC,David González Chanca,@dgchanca
catalan,PSC,David Pérez i Ibáñez,@davidpsc
catalan,PSC,Elena Díaz Torrevejano,@torrevejana
catalan,PSC,Esther Niubó Cidoncha,@eniubo
catalan,PSC,Eva Candela López,@evacandelalopez
catalan,PSC,Eva Granados,@eva_granados
catalan,PSC,Ferran Pedret i Santos,@ferranpedret
catalan,PSC,Gemma Lienas,@gemmalienas
catalan,PSC,Joan Antoni Caballol i Angelats,@caballoljoan
catalan,PSC,Jordi Riba Colom,@jordi_riba_
catalan,PSC,Jordi Terrades i Santacreu,@jterrades
catalan,PSC,Mario García Gómez,@mario_bcn
catalan,PSC,Marta Moreta Rovira,@martamoreta
catalan,PSC,Miquel Iceta i Llorens,@miqueliceta
catalan,PSC,Oscar Aparicio Pedrosa,@oapariciopedros
catalan,PSC,Pol Gibert Horcas,@polgibert
catalan,PSC,Q105427811,@judithalcala
catalan,PSC,Rafel Bruguera i Batalla,@rafelbruguera
catalan,PSC,Ramon Espadaler Parcerisas,@ramon_espadaler
catalan,PSC,Raúl Moreno Montaña,@raulmorenom
catalan,PSC,Rocío García Pérez,@rociogarper
catalan,PSC,Rosa Maria Ibarra Ollé,@rosa_m_ibarra
catalan,PSC,Rubén Viñuales,@rvinualespsc
catalan,PSC,Salvador Illa Roca,@salvadorilla
catalan,PSC,Sílvia Paneque i Sureda,@silviapaneque
catalan,PSC,Sílvia Romero,@silviaromerog
catalan,PSC,Òscar Ordeig i Molist,@oscarordeig
catalan,Podemos,Concepción Abellán Carretero,@conchiabellan_
catalan,Podemos,David Cid,@ciddavid
catalan,Podemos,Elisenda Alamany,@elisendalamany
catalan,Podemos,Jessica González Herrera,@jessgh_
catalan,Podemos,Joan Carles Gallego i Herrera,@joancgallego
catalan,Podemos,Jéssica Albiach,@jessicaalbiach
catalan,Podemos,Lucas Silvano Ferro Solé,@lucas_ferro_
catalan,Podemos,Marc Parés,@marc_pares
catalan,Podemos,Marta Ribas Frías,@martaribasfrias
catalan,Podemos,Susana Segovia Sánchez,@susannasegovia
catalan,Podemos,Xavier Domènech Sampere,@xavierdomenechs
catalan,Podemos,Yolanda López Fernández,@yolandapodem
catalan,VOX,Alberto Tarradas Paneque,@albertotpaneque
catalan,VOX,Antonio Ramón López Gómez,@tonilopez_vox
catalan,VOX,Isabel Lázaro Pina,@isabellazaro_
catalan,VOX,Juan de la Cruz Garriga Dómenech,@jgarrigadomenec
catalan,VOX,María Elisa García Fuster,@mariaegarciafu2
catalan,VOX,Mònica Lora Cisquer,@monicalora_
catalan,VOX,Sergio Macián de Greef,@sergio_macian
es,BNG,Néstor Rego,@nestorrego
es,CCa,Ana María Oramas,@anioramas
es,CUP–PR,Albert Botran,@albertbotran
es,CUP–PR,Mireia Vehí i Cantenys,@mireia_veca
es,Cs,Edmundo Bal Francés,@baledmundo
es,Cs,Inés Arrimadas,@inesarrimadas
es,Cs,José María Espejo-Saavedra Conesa,@jmespejosaav
es,Cs,Marta Martín Llaguno,@martamartirio
es,Cs,María Carmen Martínez Granados,@mcmartinez_cs
es,Cs,María Muñoz Vidal,@mariadelamiel
es,Cs,Miguel Ángel Gutiérrez Vivas,@mgutierrezcs
es,Cs,Sara Giménez,@saragimnez
es,EH Bildu,Iñaki Ruiz de Pinedo Undiano,@ruizdepinedo
es,EH Bildu,Jon Iñarritu García,@joninarritu
es,EH Bildu,Mertxe Aizpurua,@mertxeaizpurua
es,EH Bildu,Oskar Matute,@oskarmatute
es,ERC-Sob,Carolina Telechea i Lozano,@caroltelechea
es,ERC-Sob,Gabriel Rufián,@gabrielrufian
es,ERC-Sob,Inés Granollers i Cunillera,@inesgranollers
es,ERC-Sob,Joan Capdevila,@capdevilajoan
es,ERC-Sob,Joan Josep Nuet,@nuet
es,ERC-Sob,Joan Margall Sastre,@joanmargall
es,ERC-Sob,Jordi Salvador i Duch,@jsalvadorduch
es,ERC-Sob,Maria das Graças Carvalho Dantas,@_maria_dantas_
es,ERC-Sob,Marta Rosique,@martarosiq
es,ERC-Sob,Montse Bassa,@bassamontse
es,ERC-Sob,Norma Pujol i Farré,@normapujol
es,ERC-Sob,Pilar Vallugera,@pilarvallugera
es,ERC-Sob,Xavier Eritja i Ciuró,@xavieritja
es,Junts,Concepció Cañadell i Salvia,@conceptermens
es,Junts,Ferran Bel Accensi,@ferran_bel
es,Junts,Genís Boadella,@genisboadella
es,Junts,Jaume Alonso-Cuevillas,@jacs_jaumeacs
es,Junts,Laura Borràs,@lauraborras
es,Junts,Mariona Illamola Dausà,@marionaid
es,Junts,Míriam Nogueras i Camero,@miriamnoguerasm
es,MP,Inés Sabanés,@isabanes
es,MP,Joan Baldoví i Roda,@joanbaldovi
es,MP,Íñigo Errejón,@ierrejon
es,PNV,Aitor Esteban,@aitor_esteban
es,PNV,Idoia Sagastizabal Unzetabarrenetxea,@idosagasti
es,PNV,Joseba Andoni Agirretxea Urresti,@jagirretxea
es,PNV,Mikel Legarda Uriarte,@mikellegarda
es,PNV,Íñigo Barandiaran Benito,@inibaran
es,PP,Agustín Almodóbar Barceló,@aalmodobar
es,PP,Alberto Casero Ávila,@albertocasero
es,PP,Alicia García Rodríguez,@aliciagarcia_av
es,PP,Ana Belén Vázquez,@anadebande
es,PP,Ana María Zurita Expósito,@anazurita7
es,PP,Ana Pastor Julián,@anapastorjulian
es,PP,Andrés Lorite Lorite,@andreslorite
es,PP,Antonio González Terol,@aglezterol
es,PP,Beatriz Álvarez Fanjul,@bea_fanjul
es,PP,Belén Hoyo,@belenhoyo
es,PP,Carlos Rojas García,@carlosrojas_ppa
es,PP,Carmelo Romero Hernández,@cromeroher
es,PP,Carolina España Reina,@carolinaespanar
es,PP,Cayetana Álvarez de Toledo,@cayetanaat
es,PP,Celso Delgado,@celsodelgadoou
es,PP,Cesar Sanchez Perez,@sanchezcesar
es,PP,Cuca Gamarra,@cucagamarra
es,PP,Diego Gago,@diegogagob
es,PP,Diego Movellán,@diegomovellan
es,PP,Eduardo Carazo Hermoso,@educarazo
es,PP,Edurne Uriarte,@edurneuriarte
es,PP,Eloy Suárez,@eloysuarezl
es,PP,Elvira Rodríguez,@erodriguez_2019
es,PP,Fernando Adolfo Gutiérrez Díaz de Otazu,@otazu35
es,PP,Gabriel Elorriaga Pisarik,@gabrielorriaga
es,PP,Guillermo Mariscal Anaya,@gmariscalanaya
es,PP,Isabel Borrego Cortés,@borrego_corte
es,PP,Isidro Manuel Martínez Oblanca,@imoblanca
es,PP,Jaime de Olano,@jaimedeolano
es,PP,Javier Bas Corugeira,@javierbasco
es,PP,Javier Merino Martínez,@javier_merino
es,PP,Jesús Postigo Quintana,@jspostigo
es,PP,Joaquín García Díez,@quin1954
es,PP,José Alberto Herrero Bono,@herrerobono
es,PP,José Ignacio Echániz,@jiechaniz
es,PP,José Ortiz Galván,@vejer_ortiz
es,PP,José Ángel Alonso Pérez,@jangelvillalon
es,PP,Juan Antonio Callejas Cano,@jacallejascano
es,PP,Juan Luis Pedreño Molina,@juan_pedreno
es,PP,Luis Santamaría Ruiz,@luisstamaria
es,PP,Macarena Montesinos de Miguel,@mackmontesinos
es,PP,Margarita Prohens Rigo,@margaprohens
es,PP,Mario Garcés Sanagustín,@mariogarcessan
es,PP,Marta González Vázquez,@martaglezvzqz
es,PP,María Carmen Riolobos Regadera,@carmenriolobos
es,PP,María Jesús Moro Almaraz,@moromjesus
es,PP,María Pilar Ramallo Vázquez,@mariaramallov
es,PP,María Soledad Cruz-Guzmán García,@solcruzguzman
es,PP,María de la O Redondo Calvillo,@mdelaoredondo
es,PP,María de los Llanos de Luna,@llanosdeluna
es,PP,María del Carmen González Guinda,@carmengguinda
es,PP,María del Carmen Navarro Lacoba,@cnlacoba
es,PP,Miguel Ángel Castellón Rubio,@mcastellonpp
es,PP,Miguel Ángel Paniagua Núñez,@mapaniagua
es,PP,Miquel Àngel Jerez Juan,@miqueljerez
es,PP,Oscar Clavell Lopez,@oscarclavell
es,PP,Pablo Casado,@pablocasado_
es,PP,Pablo Hispán Iglesias de Ussel,@hispanpablo
es,PP,Pablo Iglesias,@pabloiglesias
es,PP,Pablo Montesinos Aguayo,@montesinospablo
es,PP,Paloma Gázquez,@palomagazquez
es,PP,Pedro Navarro López,@pedronavarrol
es,PP,Pilar Marcos Domínguez,@pilarmarcosd
es,PP,Rosa Romero Sánchez,@rosaromerocr
es,PP,Sebastián Jesús Ledesma Martín,@sebastianlede15
es,PP,Teodoro García Egea,@teogarciaegea
es,PP,Teresa Jiménez-Becerril,@teresajbecerril
es,PP,Tomás Cabezón Casas,@tcabcas
es,PP,Tristana Moraleja,@tristanamg
es,PP,Valentina Martínez Ferro,@valentinam
es,PP,Vicente Betoret Coll,@vicentebetoret
es,PP,Vicente Tirado Ochoa,@vicentetiradopp
es,PP,Víctor Valentín Píriz Maya,@vicpiriz1975
es,PP,Óscar Gamazo Micó,@oscargamazo
es,PSOE,Adriana Lastra,@adrilastra
es,PSOE,Alejandro Soler Mur,@alejandrosolerm
es,PSOE,Alfonso Rodríguez Gómez de Celis,@gomezdcelis
es,PSOE,Ana Botella Gómez,@anabotellapsoe
es,PSOE,Ana Prieto Nieto,@anaprietonieto
es,PSOE,Antidio Fagúndez Campo,@antidiof
es,PSOE,Antonio Hurtado Zurera,@antoniohurtado
es,PSOE,Arnau Ramírez Carner,@arnauramirez
es,PSOE,Beatriz Carrillo,@beamcarrillo
es,PSOE,Begoña Nasarre Oliva,@begonasarre
es,PSOE,Belén Fernández Casero,@belenfcasero
es,PSOE,Carmen Andrés Añón,@carmenandres_
es,PSOE,Carmen Baños Ruiz,@carmen_banos
es,PSOE,César Ramos Esteban,@cesarjramos
es,PSOE,Daniel Senderos Oraá,@danielsenderos
es,PSOE,Daniel Viondi,@viondi
es,PSOE,David Serrada Pariente,@dvserrada
es,PSOE,Elvira Ramón,@elviraramon
es,PSOE,Esther Padilla Ruiz,@estherpadillar
es,PSOE,Esther Peña Camarero,@estherpcamarero
es,PSOE,Eva Bravo Barco,@evabravobarco
es,PSOE,Eva Patricia Bueno Campanario,@evapatriciab
es,PSOE,Felipe Sicilia,@felipe_sicilia
es,PSOE,Fuensanta Lima Cid,@fuensantalima
es,PSOE,Gema López Somoza,@gemal_somoza
es,PSOE,Germán Renau Martínez,@germanrenau
es,PSOE,Guillermo Meijón,@guillermomeijon
es,PSOE,Helena Caballero Gutiérrez,@caballerohelena
es,PSOE,Herminio Rufino Sancho Iñiguez,@sancho_herminio
es,PSOE,Héctor Gómez Hernández,@hectorgomezh
es,PSOE,Ignacio López Cano,@nasholop
es,PSOE,Indalecio Gutiérrez,@indasalinas
es,PSOE,Isaura Leal,@isauralealf
es,PSOE,Javier Alfonso-Cendón,@alfonsocendon
es,PSOE,Javier Antón Cacho,@javieranton
es,PSOE,Joan Ruiz i Carbonell,@jruizcarbonell
es,PSOE,José Antonio Rodríguez Salas,@joseantoniojun
es,PSOE,José Carlos Durán Peralta,@jcduran_
es,PSOE,José Losada,@pepelosadaf
es,PSOE,José Luis Aceves Galindo,@jlaceves
es,PSOE,José Luis Ramos Rodríguez,@josluisramosro2
es,PSOE,José Zaragoza,@j_zaragoza_
es,PSOE,Juan Bernardo Fuentes Curbelo,@juanb0462
es,PSOE,Juan Cuatrecasas Asua,@cuatrecasasjuan
es,PSOE,Juan Francisco Serrano Martínez,@jfrserrano
es,PSOE,Juan Luis Soto Burillo,@juanluissotoadd
es,PSOE,Julio del Valle,@juliovalleiscar
es,PSOE,Laura Berja,@lauraberja86
es,PSOE,Lidia Guinart,@lidiaguinart
es,PSOE,Luc Andre Diouf Dioh,@dioufluc
es,PSOE,Magdalena Valerio Cordero,@mvalerio_gu
es,PSOE,Manuel Arribas Maroto,@arribasmanuel
es,PSOE,Marc Lamuà Estañol,@marclamua
es,PSOE,Maria Luz Martínez Seijo,@luzseijo
es,PSOE,Marisol Sánchez Jódar,@msolsj
es,PSOE,María Dolores Narváez Bandera,@marilonarvaez
es,PSOE,María Guijarro Ceballos,@maritxu30
es,PSOE,María Inmaculada Oria López,@inmaoria
es,PSOE,María Jesús Montero Cuadrado,@mjmonteroc
es,PSOE,María Luisa Carcedo,@luisacarcedo
es,PSOE,María Tamara Raya Rodríguez,@tamarayar
es,PSOE,María Ángeles Marra Domínguez,@angelesmarra
es,PSOE,Mercè Perea,@merceperea
es,PSOE,Meritxell Batet,@meritxell_batet
es,PSOE,Miguel Ángel González Caballero,@migonzalezcaba
es,PSOE,Montse Mínguez García,@montseminguez
es,PSOE,Noemí Villagrasa Quero,@nvillagrasa
es,PSOE,Odón Elorza González,@odonelorza2011
es,PSOE,Omar Anguita Pérez,@anguitaomar
es,PSOE,Patricia Blanquer Alcaraz,@patri_blanquer
es,PSOE,Patxi López,@patxilopez
es,PSOE,Pau Marí-Klose,@pmklose
es,PSOE,Pedro Casares Hontañón,@pedro_casares
es,PSOE,Pedro Sánchez,@sanchezcastejon
es,PSOE,Pere Joan Pons,@perejoanpons
es,PSOE,Pilar Cancela Rodríguez,@pilicancela
es,PSOE,Rafael José Vélez,@rafajosevelez
es,PSOE,Rafael Simancas,@simancasrafael
es,PSOE,Rafaela Crespín Rubio,@rafi_crespin
es,PSOE,Roberto García Morís,@morissiero
es,PSOE,Santos Cerdán León,@santicl
es,PSOE,Sergio Gutiérrez Prieto,@sergio_gp
es,PSOE,Sofia Hernanz Costa,@hernanzsofia
es,PSOE,Sonia Ferrer Tesoro,@soniafetesoro
es,PSOE,Susana Ros,@susana_ros
es,PSOE,Susana Sumelzo Jordán,@ssumelzo
es,PSOE,Sònia Guerra López,@sonyaguerralpz
es,PSOE,Valentín García Gómez,@valentingarciag
es,PSOE,Vicent Sarrià Morell,@sarrimorell
es,PSOE,Zaida Cantera de Castro,@zaidacantera
es,UP,Aina Vidal Sáez,@ainavs
es,UP,Alberto Garzón,@agarzon
es,UP,Alberto Rodríguez Rodríguez,@alber_canarias
es,UP,Antonia Jover Díaz,@antonia_jover_
es,UP,Antón Gómez-Reino,@antongomezreino
es,UP,Gerardo Pisarello,@g_pisarello
es,UP,Gloria Elizo,@gloriaelizo
es,UP,Ione Belarra,@ionebelarra
es,UP,Isabel Franco,@isabel_franco_
es,UP,Ismael Cortés Gómez,@ismael_cortesg
es,UP,Jaume Asens Llodrà,@jaumeasens
es,UP,Javier Sánchez Serna,@j_sanchez_serna
es,UP,Joan Mena i Arca,@joanmena
es,UP,Juan López de Uralde,@juralde
es,UP,Laura López i Domínguez,@lauralopezd
es,UP,Lucía Muñoz Dalda,@luciadalda
es,UP,Marisa Saavedra Muñoz,@marisasaavedram
es,UP,Martina Velarde Gómez,@martinavelardeg
es,UP,María Márquez Guerrero,@maria_podemos
es,UP,María del Mar García Puig,@margpuig
es,UP,Meri Pita,@meripita44
es,UP,Noelia Vera,@veranoelia
es,UP,Pedro Antonio Honrubia Hurtado,@eselkaos
es,UP,Rafael Mayoral,@mayoralrafa
es,UP,Roberto Uriarte Torrealday,@roberuriarte
es,UP,Rosa María Medel Pérez,@rosamedel11
es,UP,Roser Maestro Moliner,@roser_maestro
es,UP,Sofía Castañón,@sofcastanon
es,UP,Txema Guijarro García,@txemaguijarro
es,UP,Yolanda Díaz Pérez,@yolanda_diaz_
es,UPN,Sergio Sayas,@sergiosayas
es,VOX,Agustín Rosety Fernández de Castro,@agustinrosety
es,VOX,Carla Toscano de Balbín,@eledhmel
es,VOX,Cristina Alicia Esteban Calonje,@crisestebanvox
es,VOX,Emilio del Valle,@edelvallerod
es,VOX,Francisco José Alcaraz,@fjosealcaraz
es,VOX,Francisco José Contreras Peláez,@fjconpe
es,VOX,Georgina Trías Gil,@georgina_vox
es,VOX,Ignacio Garriga Vaz de Conceição,@igarrigavaz
es,VOX,Inés María Cañizares Pacheco,@inescanizares
es,VOX,Iván Espinosa de los Monteros de Simón,@ivanedlm
es,VOX,Javier Ortega Smith-Molina,@ortega_smith
es,VOX,Joaquín Robles López,@joaquinrobles55
es,VOX,José Ramírez del Río,@joseramirezdel2
es,VOX,Juan José Aizcorbe Torra,@juanjoaizcorbe
es,VOX,Juan Luis Steegmann Olmedillas,@jlsteeg_doc
es,VOX,Julio Utrilla Cano,@julioutrilla
es,VOX,Luis Gestoso de Miguel,@luisgestoso
es,VOX,Macarena Olona Choclán,@macarena_olona
es,VOX,Manuel Mariscal Zabala,@mariscalzabala
es,VOX,Manuel Mestre Barea,@mestremanuel
es,VOX,María Magdalena Nevado del Campo,@malenanevado
es,VOX,María Teresa López Álvarez,@teresagdvinuesa
es,VOX,María de la Cabeza Ruiz Solás,@ruizsolas
es,VOX,María de los Reyes Romero Vilches,@rromerovilches
es,VOX,Mireia Borrás Pabón,@_mireiaborras
es,VOX,Pablo Juan Calvo Liste,@pcalvoliste
es,VOX,Pablo Sáez Alonso-Muñumer,@pablosaezam
es,VOX,Patricia Rueda Perelló,@_patricia_rueda
es,VOX,Patricia de la Heras Fernández,@patriciadlheras
es,VOX,Pedro Fernández Hernández,@pedro_fhz
es,VOX,Pedro Requejo Novoa,@mazureque
es,VOX,Rafael Fernández-Lomana,@rafalomana
es,VOX,Ricardo Chamorro Delmo,@rchamode
es,VOX,Rocío De Meer Méndez,@meerrocio
es,VOX,Rodrigo Jiménez Revuelta,@rodrijr111
es,VOX,Rubén Silvano Manso Olivar,@rubenmansolivar
es,VOX,Santiago Abascal Conde,@santi_abascal
es,VOX,Víctor Guido González Coello de Portugal,@vicpiedra
es,VOX,Víctor Manuel Sánchez del Real,@sanchezdelreal
es,VOX,Ángel López Maraver,@a_lopezmaraver
gr,Greek Solution,Anastasia-Aikaterini Alexopoulou,@anaik2020
gr,Greek Solution,Antonis Mylonakis,@antmylonakis
gr,Greek Solution,Dimitris Vagenas,@b3vagenas
gr,Greek Solution,Konstantinos Boubas,@kostasmpoumpas
gr,Greek Solution,Kostas Chitas,@chitaskostas
gr,Greek Solution,Kyriakos Velopoulos,@velopky
gr,Greek Solution,Maria Athanasiou,@mariaat03902914
gr,Greek Solution,Vasilis Viliardos,@viliardosv
gr,MeRA25,Angeliki Adamopoulou,@aggelikiadamop4
gr,MeRA25,Fotini Bakadima,@fbakadima
gr,MeRA25,Giorgos Logiadis,@georgelogiadis
gr,MeRA25,Konstantina Adamou,@adamoukonstant1
gr,MeRA25,Kriton Arsenis,@karsenis
gr,MeRA25,Maria Apatzidi,@apatzidim
gr,MeRA25,Sofia Sakorafa,@sofiasakorafa
gr,MeRA25,Yanis Varoufakis,@yanisvaroufakis
gr,MfC,Andreas Loverdos,@a_loverdos
gr,MfC,Andreas Poulas,@andreaspoulas
gr,MfC,Apostolos Panas,@panasapostolos
gr,MfC,Burhan Baran,@burhanbarandr
gr,MfC,Dimitris Konstantopoulos,@dkonstantop
gr,MfC,Fofi Gennimata,@fofigennimata
gr,MfC,George Papandreou,@gpapandreou
gr,MfC,Giorgos Arvanitidis,@arvanitidis_geo
gr,MfC,Giorgos Frangidis,@fragidisgeorge
gr,MfC,Giorgos Kaminis,@kaminisg
gr,MfC,Haris Kastanidis,@kastanidisharis
gr,MfC,Kostas Skandalidis,@kskandalidis
gr,MfC,Michalis Katrinis,@michaelkatrinis
gr,MfC,Nadia Giannakopoulou,@ngiannakopoulou
gr,MfC,Odysseas Konstantinopoulos,@odysseas_
gr,MfC,Vasilis Kengeroglou,@bkegeroglou
gr,MfC,İlhan Ahmet,@ilhanahmet
gr,New Democracy,Adonis Georgiadis,@adonisgeorgiadi
gr,New Democracy,Anastasios Dimoschakis,@adimoschakis
gr,New Democracy,Andreas Katsaniotis,@katsaniotis
gr,New Democracy,Andreas Nikolakopoulos,@anikolakopoulos
gr,New Democracy,Andreas Patsis,@patsis_andreas
gr,New Democracy,Angelos Syrigos,@angelossyrigos
gr,New Democracy,Angelos Tsingris,@tsigris_angelos
gr,New Democracy,Anna Efthymiou,@annaefthymiou_
gr,New Democracy,Antonis Samaras,@samaras_antonis
gr,New Democracy,Asimina Skondra,@asiminaskondra
gr,New Democracy,Babis Papadimitriou,@babis2019
gr,New Democracy,Christina Alexopoulou,@xrisalex
gr,New Democracy,Christoforos Boutsikakis,@boutsikakischr
gr,New Democracy,Christos Dermentzopoulos,@chrisdermen
gr,New Democracy,Christos Dimas,@christosdimas_
gr,New Democracy,Christos Kellas,@kellas_xristos
gr,New Democracy,Christos Staikouras,@cstaikouras
gr,New Democracy,Christos Tarantilis,@xtarantilis
gr,New Democracy,Dimitrios Vartzopoulos,@dimvartzopoulos
gr,New Democracy,Dimitris Keridis,@dimkairidis
gr,New Democracy,Dimitris Kouvelas,@dkouvelas
gr,New Democracy,Dionysia-Theodora Avgerinopoulou,@avgerinopoulou
gr,New Democracy,Dora Bakoyannis,@dora_bakoyannis
gr,New Democracy,Elena Rapti,@elena_rapti
gr,New Democracy,Evripidis Stylianidis,@e_stylianidis
gr,New Democracy,Fontas Baraliakos,@fbaraliakos
gr,New Democracy,Fotini Arabatzi,@arampatzifotini
gr,New Democracy,Fotini Pipili,@fotinipipili
gr,New Democracy,Giannis Kallianos,@kallianos
gr,New Democracy,Giannis Loverdos,@yiannisloverdos
gr,New Democracy,Giannis Melas,@yiannismelas
gr,New Democracy,Giannis Oikonomou,@joikonomou
gr,New Democracy,Giannis Vroutsis,@vroutsisgiannis
gr,New Democracy,Giorgos Amyras,@amirasgiorgos
gr,New Democracy,Giorgos Georgantas,@georgantasgr
gr,New Democracy,Giorgos Kotsiras,@giorgoskotsiras
gr,New Democracy,Giorgos Kotsos,@kotsosgiorgos
gr,New Democracy,Giorgos Koumoutsakos,@gkoumoutsakos
gr,New Democracy,Giorgos Stylios,@gstylios
gr,New Democracy,Giorgos Vlachos,@vlachos_g
gr,New Democracy,Haris Theocharis,@htheoharis
gr,New Democracy,Iason Fotilas,@iasonfotilas
gr,New Democracy,Ioannis A. Kefalogiannis,@gkefalogiannis
gr,New Democracy,Ioannis Bougas,@ioannis_mpougas
gr,New Democracy,Ioannis Plakiotakis,@g_plakiotakis
gr,New Democracy,Katerina Papakosta-Palioura,@kpapakosta
gr,New Democracy,Konstantinos Bogdanos,@bogdanosk
gr,New Democracy,Konstantinos Gioulekas,@gioulekaskostas
gr,New Democracy,Konstantinos Katsafados,@katsafadosk
gr,New Democracy,Konstantinos Kyranakis,@kyranakis
gr,New Democracy,Konstantinos Tsiaras,@tsiaras_kostas
gr,New Democracy,Kostas Karamanlis,@karamanlis_k
gr,New Democracy,Kostas Skrekas,@kostasskrekas
gr,New Democracy,Kostas Tzavaras,@tzavaraskon
gr,New Democracy,Kostas Vlasis,@kostasvlasis
gr,New Democracy,Kostis Hatzidakis,@k_hatzidakis
gr,New Democracy,Kyriakos Mitsotakis,@kmitsotakis
gr,New Democracy,Lefteris Avgenakis,@l_avgenakis
gr,New Democracy,Makarios Lazaridis,@mvlazaridis
gr,New Democracy,Makis Voridis,@makisvoridis
gr,New Democracy,Manos Konsolas,@manoskonsolas
gr,New Democracy,Manousos Voloudakis,@mvoloudakis
gr,New Democracy,Marietta Giannakou,@m_giannakou
gr,New Democracy,Marilena Soukouli-Viliali,@msoukouli
gr,New Democracy,Maximos Charakopoulos,@pantamaximos
gr,New Democracy,Maximos Senetakis,@maxsenetakis
gr,New Democracy,Miltiadis Varvitsiotis,@mvarvitsiotis
gr,New Democracy,Miltos Chrysomallis,@chrysomallism
gr,New Democracy,Niki Kerameus,@nkerameus
gr,New Democracy,Nikitas Kaklamanis,@nkaklamanis
gr,New Democracy,Nikos Dendias,@nikosdendias
gr,New Democracy,Nikos Manolakos,@manolakosnik
gr,New Democracy,Nikos Panagiotopoulos,@npanagioto
gr,New Democracy,Nikos Tagaras,@tagarasnikos
gr,New Democracy,Notis Mitarakis,@nmitarakis
gr,New Democracy,Olga Kefalogianni,@olgakef
gr,New Democracy,Panagis Kappatos,@pkappatos
gr,New Democracy,Periklis Mantas,@periklismantas
gr,New Democracy,Savvas Anastasiadis,@savanastasiadis
gr,New Democracy,Savvas Chionidis,@hionidissavvas
gr,New Democracy,Simos Kedikoglou,@simoskedikoglou
gr,New Democracy,Spilios Livanos,@spiliosl
gr,New Democracy,Stavros Kalafatis,@kalafatisst
gr,New Democracy,Stavros Keletsis,@keletsis
gr,New Democracy,Stefanos Gikas,@stefanos_gikas
gr,New Democracy,Stella Biziou,@bizioustella
gr,New Democracy,Stratos Simopoulos,@efsimopoulos
gr,New Democracy,Takis Theodorikakos,@theodorikakosp
gr,New Democracy,Tasos Hatzivasileiou,@tasos_chatziv
gr,New Democracy,Thanasis Davakis,@adavakis
gr,New Democracy,Thanos Plevris,@thanosplevris
gr,New Democracy,Themis Heimaras,@t_cheimaras
gr,New Democracy,Theodoros Karaoglou,@theokaraoglou
gr,New Democracy,Theofilos Leontaridis,@the_leontaridis
gr,New Democracy,Vangelis Liakos,@liakosev
gr,New Democracy,Vasilis Digalakis,@vdigalakis
gr,New Democracy,Vasilis Kikilias,@vkikilias
gr,New Democracy,Vasilis Spanakis,@vspanakis
gr,New Democracy,Zoe Rapti,@raptizoi
gr,Syriza,Alekos Triantafyllidis,@tr_alexandros
gr,Syriza,Alexandros Avlonitis,@a_avlonitis
gr,Syriza,Alexandros Meikopoulos,@a_meikopoulos
gr,Syriza,Alexis Charitsis,@alexischaritsis
gr,Syriza,Alexis Tsipras,@atsipras
gr,Syriza,Andreas Xanthos,@andreasxanthos
gr,Syriza,Betty Skoufa,@bskoufa
gr,Syriza,Christoforos Vernardakis,@chvernardakis
gr,Syriza,Christos Giannoulis,@giannoul
gr,Syriza,Christos Spirtzis,@c_spirtzis
gr,Syriza,Dimitris Tzanakopoulos,@d_tzanakopoulos
gr,Syriza,Dora Avgeri,@davgeri
gr,Syriza,Efi Achtsioglou,@e_achtsioglou
gr,Syriza,Eirini-Eleni Agathopoulou,@iriniagath
gr,Syriza,Euclid Tsakalotos,@tsakalotos
gr,Syriza,Evangelos Apostolou,@vag_apos
gr,Syriza,Giannis Amanatidis,@amanatidis_gian
gr,Syriza,Giannis Balafas,@ybalafas
gr,Syriza,Giannis Bournous,@alterglobal
gr,Syriza,Giannis Ragousis,@gragkousis
gr,Syriza,Giannis Sarakiotis,@jsarakiotis
gr,Syriza,Giorgos Katrougalos,@gkatr
gr,Syriza,Giorgos Psychogios,@g_psychogios
gr,Syriza,Giorgos Tsipras,@giorgostsipras
gr,Syriza,Giorgos Varemenos,@gvaremenos
gr,Syriza,Haris Mamoulakis,@mamoulakis
gr,Syriza,Hüseyin Zeybek,@zeybekhuseyin
gr,Syriza,Katerina Notopoulou,@katenotopoulou
gr,Syriza,Kostas Barkas,@kostasbarkas
gr,Syriza,Kostas Zachariadis,@czachariadis
gr,Syriza,Kyriaki Malama,@kiriakimalama
gr,Syriza,Marios Katsis,@marios_katsis
gr,Syriza,Natasa Gara,@natasagkara
gr,Syriza,Nektarios Santorinios,@nectarsant
gr,Syriza,Nikos Igoumenidis,@igoumenidisn
gr,Syriza,Nikos Pappas,@nikospappas16
gr,Syriza,Nikos Syrmalenios,@syrmal2000
gr,Syriza,Nina Kasimati,@ninakasimati
gr,Syriza,Olga Gerovasili,@olgagerovasili
gr,Syriza,Panos Skourletis,@pskourl
gr,Syriza,Panos Skouroliakos,@panosskourolia1
gr,Syriza,Peti Perka,@petiperka
gr,Syriza,Rallia Christidou,@ral_christidou
gr,Syriza,Sakis Papadopoulos,@sakis_papad
gr,Syriza,Sokratis Famellos,@sfamellos
gr,Syriza,Sokratis Vardakis,@sokrvardakis
gr,Syriza,Soultana Eleftheriadou,@teleftheriadou
gr,Syriza,Spyros Lappas,@spyroslappas1
gr,Syriza,Thanos Moraitis,@thanos_moraitis
gr,Syriza,Theofilos Xanthopoulos,@xanthopoulosth
gr,Syriza,Vasilis Kokkalis,@vasiliskokkalhs
gr,Syriza,Yannis Dragasakis,@ydragasakis
nireland,Alliance,Andrew Muir,@andrewmuirni
nireland,Alliance,Chris Lyttle,@chris_lyttle
nireland,Alliance,John Blair,@johnblairmla
nireland,Alliance,Kellie Armstrong,@kelmba
nireland,Alliance,Naomi Long,@naomi_long
nireland,Alliance,Paula Bradshaw,@paulajaneb
nireland,Alliance,Stewart Dickson,@stewartcdickson
nireland,Alliance,Trevor Lunn,@trevorlunnlv
nireland,DUP,Arlene Foster,@dupleader
nireland,DUP,Diane Dodds,@dianedoddsmla
nireland,DUP,Edwin Poots,@edwinpootsmla
nireland,DUP,Gary Middleton,@gary_middleton
nireland,DUP,Gordon Dunne,@gordondunnemla
nireland,DUP,Gordon Lyons,@gordonlyons1
nireland,DUP,Joanne Bunting,@joanne_bunting
nireland,DUP,Jonathan Buckley,@jbuckleymla
nireland,DUP,Maurice Bradley,@bradleymla
nireland,DUP,Michelle McIlveen,@mmcilveendup
nireland,DUP,Pam Cameron,@pamcameronmla
nireland,DUP,Paul Frew,@paulfrewdup
nireland,DUP,Paul Givan,@paulgivan
nireland,DUP,Paula Bradley,@paulabradleymla
nireland,DUP,Peter Weir,@peterweirmla
nireland,DUP,Robin Newton,@robinnewton4mla
nireland,DUP,Trevor Clarke,@trevorclarkemla
nireland,Green,Rachel Woods,@rachelwoods52
nireland,People Before Profit Alliance,Gerry Carroll,@gerrycarrollpbp
nireland,SDLP,Cara Hunter,@carahuntermla
nireland,SDLP,Colin McGrath,@colinsdlp
nireland,SDLP,Daniel McCrossan,@mccrossanmla
nireland,SDLP,Dolores Kelly,@doloreskelly
nireland,SDLP,Justin McNulty,@justinmcnu1ty
nireland,SDLP,Mark Durkan,@markdurkan
nireland,SDLP,Matthew O'Toole,@matthewotoole2
nireland,SDLP,Nichola Mallon,@nicholamallon
nireland,SDLP,Pat Catney,@patcatney
nireland,SDLP,Patsy McGlone,@patsymcglone
nireland,SDLP,Sinéad Bradley,@sineadbradleysd
nireland,Sinn Féin,Alex Maskey,@alexmaskeysf
nireland,Sinn Féin,Caoimhe Archibald,@carchibald_sf
nireland,Sinn Féin,Carál Ní Chuilín,@caralnichuilin
nireland,Sinn Féin,Cathal Boylan,@cathalboylansf
nireland,Sinn Féin,Colm Gildernew,@gildernewcolm
nireland,Sinn Féin,Conor Murphy,@conormurphysf
nireland,Sinn Féin,Declan Kearney,@declankearneysf
nireland,Sinn Féin,Declan McAleer,@mc_mla
nireland,Sinn Féin,Deirdre Hargey,@deirdrehargey
nireland,Sinn Féin,Emma Rogan,@emmarogansf
nireland,Sinn Féin,Emma Sheerin,@sheerinofficial
nireland,Sinn Féin,Fra McCann,@framccannmla
nireland,Sinn Féin,Gerry Kelly,@gerrykellymla
nireland,Sinn Féin,Jemma Dolan,@jemma_dolan
nireland,Sinn Féin,John O'Dowd,@johnodowdsf
nireland,Sinn Féin,Karen Mullan,@k_mullan
nireland,Sinn Féin,Linda Dillon,@lindadillon81
nireland,Sinn Féin,Liz Kimmins,@lizk1988
nireland,Sinn Féin,Maolíosa McHugh,@maoliosamch
nireland,Sinn Féin,Martina Anderson,@m_andersonsf
nireland,Sinn Féin,Michelle O'Neill,@moneillsf
nireland,Sinn Féin,Nicola Brogan,@nbrogan087
nireland,Sinn Féin,Pat Sheehan,@patsheehanmla
nireland,Sinn Féin,Philip McGuigan,@mcguigan_philip
nireland,Sinn Féin,Sean Lynch,@seanlynch122
nireland,Sinn Féin,Sinéad Ennis,@ennissinead
nireland,Sinn Féin,Órlaithí Flynn,@orlaithif_mla
nireland,Traditional Unionist Voice,Jim Allister,@jimallister
nireland,UUP,Alan Chambers,@alcham49
nireland,UUP,Andy Allen,@andyallen88
nireland,UUP,Doug Beattie,@beattiedoug
nireland,UUP,John Stewart,@johnstewart1983
nireland,UUP,Mike Nesbitt,@mikenesbittni
nireland,UUP,Robbie Butler,@robbiebutlermla
nireland,UUP,Robin Swann,@robinswannmoh
nireland,UUP,Rosemary Barton,@rosemarybarton1
nireland,UUP,Roy Beggs,@roybeggs
nireland,UUP,Steve Aiken,@steveaikenuup
scotland,Conservatives,Adam Tomkins,@proftomkins
scotland,Conservatives,Alexander Burnett,@ajaburnett
scotland,Conservatives,Alexander Stewart,@astewartclark
scotland,Conservatives,Alison Harris,@alisonharrismsp
scotland,Conservatives,Annie Wells,@anniewellsmsp
scotland,Conservatives,Bill Bowman,@billabowman
scotland,Conservatives,Brian Whittle,@brianwhittle
scotland,Conservatives,Craig Hoy,@craigwhoy1
scotland,Conservatives,Dean Lockhart,@deanlockhartmsp
scotland,Conservatives,Donald Cameron,@dajcameron
scotland,Conservatives,Douglas Lumsden,@dlumsden
scotland,Conservatives,Edward Mountain,@1edmountain
scotland,Conservatives,Finlay Carson,@fincarson
scotland,Conservatives,Gordon Lindhurst,@glindhurstmsp
scotland,Conservatives,Graham Simpson,@grahamsmsp
scotland,Conservatives,Jackson Carlaw,@jackson_carlaw
scotland,Conservatives,Jamie Greene,@jamiegreeneuk
scotland,Conservatives,Jamie Halcro Johnston,@jhalcrojohnston
scotland,Conservatives,Jeremy Balfour,@jbalfourmsp
scotland,Conservatives,Maurice Golden,@mgoldenmsp
scotland,Conservatives,Meghan Gallacher,@mgallachermsp
scotland,Conservatives,Murdo Fraser,@murdo_fraser
scotland,Conservatives,Oliver Mundell,@olivermundell
scotland,Conservatives,Pam Gosal,@pamgosalmsp
scotland,Conservatives,Rachael Hamilton,@rachael2win
scotland,Conservatives,Russell Findlay,@russellfindlay1
scotland,Conservatives,Ruth Davidson,@ruthdavidsonmsp
scotland,Conservatives,Sandesh Gulhane,@sandeshgulhane
scotland,Conservatives,Sharon Dowey,@sharondowey_
scotland,Conservatives,Stephen Kerr,@stephenkerrmsp
scotland,Conservatives,Sue Webber,@suejwebber
scotland,Green Party,Alison Johnstone,@alisonjohnstone
scotland,Green Party,Ariane Burgess,@arianeburgesshi
scotland,Green Party,Gillian Mackay,@gillianmacmsp
scotland,Green Party,John Finnie,@johnfinniehi
scotland,Green Party,Lorna Slater,@lornaslater
scotland,Green Party,Maggie Chapman,@maggiechapman
scotland,Green Party,Mark Ruskell,@markruskell
scotland,Green Party,Patrick Harvie,@patrickharvie
scotland,Green Party,Ross Greer,@ross_greer
scotland,Labour,Anas Sarwar,@anassarwar
scotland,Labour,Carol Mochan,@cmochan
scotland,Labour,Claire Baker,@clairebakermsp
scotland,Labour,Claudia Beamish,@claudiabeamish
scotland,Labour,Colin Smyth,@colinsmythmsp
scotland,Labour,Daniel Johnson,@djohnsonmsp
scotland,Labour,David Stewart,@davidstewartmsp
scotland,Labour,Elaine Smith,@elainesmithmsp
scotland,Labour,Foysol Choudhury,@foysolchoudhury
scotland,Labour,Iain Gray,@iaingraymsp
scotland,Labour,Jackie Baillie,@jackiebmsp
scotland,Labour,James Kelly,@jameskellylab
scotland,Labour,Jenny Marra,@jennymarra
scotland,Labour,Johann Lamont,@johannlamont
scotland,Labour,Katy Clark,@katysclark
scotland,Labour,Lewis Macdonald,@lewismacdmsp
scotland,Labour,Mark Griffin,@markgriff1n
scotland,Labour,Martin Whitfield,@_mwhitfield
scotland,Labour,Mary Fee,@maryfeemsp
scotland,Labour,Mercedes Villalba,@labourmercedes
scotland,Labour,Monica Lennon,@monicalennon7
scotland,Labour,Neil Bibby,@neilbibby
scotland,Labour,Neil Findlay,@neilfindlay_msp
scotland,Labour,Pam Duncan-Glancy,@glasgowpam
scotland,Labour,Paul O'Kane,@pfokane
scotland,Labour,Paul Sweeney,@pauljsweeney
scotland,Labour,Rhoda Grant,@rhodagrant
scotland,Labour,Richard Leonard,@labourrichard
scotland,Labour,Sarah Boyack,@sarahboyackmsp
scotland,LibDem,Alex Cole-Hamilton,@agcolehamilton
scotland,LibDem,Beatrice Wishart,@beatricewishart
scotland,LibDem,Liam McArthur,@liam4orkney
scotland,LibDem,Willie Rennie,@willie_rennie
scotland,SNP,Aileen Campbell,@clydesdaileen
scotland,SNP,Alasdair Allan,@alasdairallan
scotland,SNP,Alex Neil,@alexneilsnp
scotland,SNP,Angela Constance,@aconstancesnp
scotland,SNP,Angus MacDonald,@angus4falkirke
scotland,SNP,Angus Robertson,@angusrobertson
scotland,SNP,Annabelle Ewing,@aewing4cbeath
scotland,SNP,Ash Denham,@ashtenrd
scotland,SNP,Audrey Nicoll,@audrey4asnk
scotland,SNP,Ben Macpherson,@benmacpherson
scotland,SNP,Bill Kidd,@billkiddsnp
scotland,SNP,Bob Doris,@bobdorissnp
scotland,SNP,Bruce Crawford,@rhbrucecrawford
scotland,SNP,Christina McKelvie,@christinasnp
scotland,SNP,Clare Adamson,@clareadamsonsnp
scotland,SNP,Clare Haughey,@haughey_clare
scotland,SNP,Colin Beattie,@uartlach
scotland,SNP,Collette Stevenson,@cstevensonsnp
scotland,SNP,David Torrance,@davidhtorrance
scotland,SNP,Elena Whitham,@elenawhitham
scotland,SNP,Emma Harper,@emmaharpermsp
scotland,SNP,Emma Roddick,@emma_roddick
scotland,SNP,Evelyn Tweed,@evelyntweedsnp
scotland,SNP,Fiona Hyslop,@fionahyslop
scotland,SNP,Fulton MacGregor,@fultonsnp
scotland,SNP,Gail Ross,@gailrosssnp
scotland,SNP,George Adam,@georgeadam
scotland,SNP,Gil Paterson,@gilmpaterson
scotland,SNP,Gordon MacDonald,@gmacdonaldsnp
scotland,SNP,Humza Yousaf,@humzayousaf
scotland,SNP,Ivan McKee,@ivan_mckee
scotland,SNP,Jackie Dunbar,@jackiedunbarsnp
scotland,SNP,James Dornan,@glasgowcathcart
scotland,SNP,Jamie Hepburn,@jamiehepburn
scotland,SNP,Jeane Freeman,@jeanef1msp
scotland,SNP,Jenni Minto,@jenni_minto
scotland,SNP,Jenny Gilruth,@jennygilruth
scotland,SNP,Jim Fairlie,@jimfairlielogie
scotland,SNP,Joan McAlpine,@joanmcalpine
scotland,SNP,Joe FitzPatrick,@joefitzsnp
scotland,SNP,John Mason,@johnmasonmsp
scotland,SNP,John Swinney,@johnswinney
scotland,SNP,Karen Adam,@karenadammsp
scotland,SNP,Kate Forbes,@kateforbesmsp
scotland,SNP,Kaukab Stewart,@kaukabstewart
scotland,SNP,Keith Brown,@keithbrownsnp
scotland,SNP,Kevin Stewart,@kevinstewartsnp
scotland,SNP,Linda Fabiani,@lindafabianisnp
scotland,SNP,Mairi Gougeon,@mairigougeon
scotland,SNP,Maree Todd,@mareetoddmsp
scotland,SNP,Marie McNair,@marieamcnair
scotland,SNP,Michael Matheson,@mathesonmichael
scotland,SNP,Michael Russell,@feorlean
scotland,SNP,Michelle Thomson,@michellethomson
scotland,SNP,Màiri McAllan,@mairimcallan
scotland,SNP,Natalie Don,@nataliedon_
scotland,SNP,Nicola Sturgeon,@nicolasturgeon
scotland,SNP,Paul McLennan,@paulmclennan7
scotland,SNP,Paul Wheelhouse,@paulwheelhouse
scotland,SNP,Richard Lochhead,@richardlochhead
scotland,SNP,Richard Lyle,@richardlylesnp
scotland,SNP,Roseanna Cunningham,@strathearnrose
scotland,SNP,Ruth Maguire,@rbfmaguire
scotland,SNP,Sandra White,@sandrawhitesnp
scotland,SNP,Shirley-Anne Somerville,@s_a_somerville
scotland,SNP,Shona Robison,@shonarobison
scotland,SNP,Siobhian Brown,@siobhianayr
scotland,SNP,Stephanie Callaghan,@stephysnp
scotland,SNP,Stuart McMillan,@stumcmillansnp
scotland,SNP,Tom Arthur,@thomascarthur
uk,Alliance,Stephen Farry,@stephenfarrymp
uk,Conservatives,Aaron Bell,@aaronbell4nul
uk,Conservatives,Adam Afriyie ,@adamafriyie
uk,Conservatives,Alan Mak ,@alanmakmp
uk,Conservatives,Alberto Costa ,@albertocostamp
uk,Conservatives,Alec Shelbrooke ,@alecshelbrooke
uk,Conservatives,Alex Burghart,@alexburghart
uk,Conservatives,Alex Chalk ,@alexchalkchelt
uk,Conservatives,Alexander Stafford,@alex_stafford
uk,Conservatives,Alicia Kearns,@aliciakearns
uk,Conservatives,Alok Sharma ,@aloksharma_rdg
uk,Conservatives,Alun Cairns ,@aluncairns
uk,Conservatives,Amanda Milling ,@amandamilling
uk,Conservatives,Amanda Solloway ,@asollowayuk
uk,Conservatives,Andrea Jenkyns ,@andreajenkyns
uk,Conservatives,Andrea Leadsom ,@andrealeadsom
uk,Conservatives,Andrew Bowie,@andrewbowie_mp
uk,Conservatives,Andrew Bridgen ,@abridgen
uk,Conservatives,Andrew Griffith,@griffitha
uk,Conservatives,Andrew Lewer,@alewermbe
uk,Conservatives,Andrew Rosindell ,@andrewrosindell
uk,Conservatives,Andrew Selous ,@andrewselous
uk,Conservatives,Andrew Stephenson ,@andrew4pendle
uk,Conservatives,Andy Carter,@mrandy_carter
uk,Conservatives,Anne Marie Morris ,@annemariemorris
uk,Conservatives,Anne-Marie Trevelyan ,@annietrev
uk,Conservatives,Anthony Browne,@ab4scambs
uk,Conservatives,Anthony Mangnall,@anthonymangnal1
uk,Conservatives,Antony Higginbotham,@antony_hig
uk,Conservatives,Ben Bradley,@bbradley_mans
uk,Conservatives,Ben Everitt,@ben_everitt
uk,Conservatives,Ben Spencer,@drbenspencer
uk,Conservatives,Ben Wallace ,@bwallacemp
uk,Conservatives,Bernard Jenkin ,@bernardjenkin
uk,Conservatives,Bim Afolami,@bimafolami
uk,Conservatives,Bob Blackman ,@bobblackman
uk,Conservatives,Bob Seely,@iowbobseely
uk,Conservatives,Boris Johnson ,@borisjohnson
uk,Conservatives,Brandon Lewis ,@brandonlewis
uk,Conservatives,Brendan Clarke-Smith,@bren4bassetlaw
uk,Conservatives,Caroline Dinenage ,@cj_dinenage
uk,Conservatives,Caroline Nokes,@carolinenokes
uk,Conservatives,Cheryl Gillan ,@cherylgillan
uk,Conservatives,Chloe Smith,@norwichchloe
uk,Conservatives,Chris Clarkson,@chrisclarksonmp
uk,Conservatives,Chris Green,@cgreenuk
uk,Conservatives,Chris Heaton-Harris ,@chhcalling
uk,Conservatives,Chris Loder,@chrisloder
uk,Conservatives,Chris Philp ,@cphilpofficial
uk,Conservatives,Chris Skidmore,@cskidmoreuk
uk,Conservatives,Christian Wakeford,@christian4burys
uk,Conservatives,Christopher Pincher ,@chrispincher
uk,Conservatives,Claire Coutinho,@clairecoutinho
uk,Conservatives,Conor Burns,@conorburnsuk
uk,Conservatives,Craig Mackinlay ,@cmackinlay
uk,Conservatives,Craig Tracey ,@craig4nwarks
uk,Conservatives,Craig Whittaker ,@cwhittaker_mp
uk,Conservatives,Craig Williams ,@craig4monty
uk,Conservatives,Crispin Blunt ,@crispinblunt
uk,Conservatives,Damian Collins ,@damiancollins
uk,Conservatives,Damian Green ,@damiangreen
uk,Conservatives,Damian Hinds,@damianhinds
uk,Conservatives,Daniel Kawczynski ,@dkshrewsbury
uk,Conservatives,Danny Kruger,@danny__kruger
uk,Conservatives,Darren George Henry,@darreng_henry
uk,Conservatives,David Amess,@amessd_southend
uk,Conservatives,David Davis ,@daviddavismp
uk,Conservatives,David Duguid,@david_duguid
uk,Conservatives,David Evennett ,@davidevennett
uk,Conservatives,David Johnston,@david4wantage
uk,Conservatives,David Jones ,@davidjonesmp
uk,Conservatives,David Morris ,@davidmorrisml
uk,Conservatives,David Mundell ,@davidmundelldct
uk,Conservatives,David Rutley ,@davidrutley
uk,Conservatives,David Simmonds,@dsimmonds_rnp
uk,Conservatives,David T. C. Davies ,@davidtcdavies
uk,Conservatives,David Warburton ,@djwarburton
uk,Conservatives,Dean Russell,@dean4watford
uk,Conservatives,Dehenna Davison,@dehennadavison
uk,Conservatives,Derek Thomas ,@derekthomasuk
uk,Conservatives,Desmond Swayne ,@desmondswayne
uk,Conservatives,Dominic Raab,@dominicraab
uk,Conservatives,Douglas Ross,@douglas4moray
uk,Conservatives,Dr Andrew Murrison ,@awmurrison
uk,Conservatives,Dr Caroline Johnson ,@drcarolinej
uk,Conservatives,Dr Liam Fox ,@liamfox
uk,Conservatives,Dr Thérèse Coffey ,@theresecoffey
uk,Conservatives,Duncan Charles Baker,@duncancbaker
uk,Conservatives,Eddie Hughes,@eddiehughes4wn
uk,Conservatives,Edward Leigh ,@edwardleighmp
uk,Conservatives,Edward Timpson,@edwardtimpson
uk,Conservatives,Eleanor Laing ,@eleanor4epping
uk,Conservatives,Elizabeth Truss ,@trussliz
uk,Conservatives,Elliot Colburn,@elliotcolburn
uk,Conservatives,Esther McVey,@esthermcvey1
uk,Conservatives,Fay Alicia Jones,@jonesyfay
uk,Conservatives,Felicity Buchan,@felicitybuchan
uk,Conservatives,Gagan Mohindra,@gaganmohindra
uk,Conservatives,Gareth Bacon,@garethbaconmp
uk,Conservatives,Gareth Davies,@garethdavies_mp
uk,Conservatives,Gary Sambrook,@garysambrook89
uk,Conservatives,Gary Streeter ,@garystreeterswd
uk,Conservatives,Gavin Williamson ,@gavinwilliamson
uk,Conservatives,Geoffrey Cox QC ,@geoffrey_cox
uk,Conservatives,George Freeman ,@georgefreemanmp
uk,Conservatives,Gillian Keegan,@gilliankeegan
uk,Conservatives,Graham Brady,@sirgrahambrady
uk,Conservatives,Graham Stuart ,@grahamstuart
uk,Conservatives,Grant Shapps ,@grantshapps
uk,Conservatives,Greg Clark,@gregclarkmp
uk,Conservatives,Greg Hands ,@greghands
uk,Conservatives,Greg Knight ,@gregknight
uk,Conservatives,Greg Smith,@gregsmith_uk
uk,Conservatives,Guy Opperman ,@guyopperman
uk,Conservatives,Harriett Baldwin ,@hbaldwin
uk,Conservatives,Heather Wheeler ,@heatherwheeler
uk,Conservatives,Helen Grant ,@helengrantmp
uk,Conservatives,Helen Whately ,@helen_whately
uk,Conservatives,Henry Smith ,@henrysmithuk
uk,Conservatives,Huw Merriman ,@huwmerriman
uk,Conservatives,Iain Duncan Smith,@mpiainds
uk,Conservatives,Iain Stewart ,@iainastewart
uk,Conservatives,Imran Nasir Ahmad Khan,@imranahmadkhan
uk,Conservatives,Jack Lopresti ,@jacklopresti
uk,Conservatives,Jackie Doyle-Price ,@jackiedp
uk,Conservatives,Jacob Rees-Mogg ,@jacob_rees_mogg
uk,Conservatives,Jacob Young,@jacobyoungmp
uk,Conservatives,Jake Berry ,@jakeberry
uk,Conservatives,James Brokenshire ,@jbrokenshire
uk,Conservatives,James Cartlidge ,@jc4southsuffolk
uk,Conservatives,James Cleverly ,@jamescleverly
uk,Conservatives,James Daly,@jamesdalymp
uk,Conservatives,James Davies,@jamesdavies
uk,Conservatives,James Duddridge ,@jamesduddridge
uk,Conservatives,James Gray ,@jgray
uk,Conservatives,James Heappey ,@jsheappey
uk,Conservatives,James Morris,@jamesmorris
uk,Conservatives,James Sunderland,@jamessunderl
uk,Conservatives,James Wild,@jamesowild
uk,Conservatives,Jamie Hamilton Wallis,@jamiewallismp
uk,Conservatives,Jane Hunt,@janemhunt
uk,Conservatives,Jane Stevenson,@jane_stevenson_
uk,Conservatives,Jason McCartney ,@jasonmccartney
uk,Conservatives,Jeremy Hunt ,@jeremy_hunt
uk,Conservatives,Jerome Mayhew,@jeromemayhew
uk,Conservatives,Jesse Norman ,@jesse_norman
uk,Conservatives,Jo Churchill ,@jochurchill4
uk,Conservatives,Jo Gideon,@jogideon
uk,Conservatives,John Glen ,@johnglenuk
uk,Conservatives,John Howell ,@jhowelluk
uk,Conservatives,John Lamont,@john2win
uk,Conservatives,John Penrose ,@johnpenrosenews
uk,Conservatives,John Redwood ,@johnredwood
uk,Conservatives,John Stevenson ,@john4carlisle
uk,Conservatives,John Whittingdale ,@jwhittingdale
uk,Conservatives,Johnny Mercer ,@johnnymerceruk
uk,Conservatives,Jonathan Djanogly ,@jdjanogly
uk,Conservatives,Jonathan Lord,@jonathanlord
uk,Conservatives,Joy Morrissey,@joymorrissey
uk,Conservatives,Julia Lopez,@julialopezmp
uk,Conservatives,Julian Knight ,@julianknight15
uk,Conservatives,Julian Smith ,@juliansmithuk
uk,Conservatives,Julian Sturdy,@juliansturdy
uk,Conservatives,Julie Marson,@juliemarsonmp
uk,Conservatives,Justin Tomlinson ,@justintomlinson
uk,Conservatives,Karl McCartney ,@karlmccartney
uk,Conservatives,Katherine Fletcher,@k_fletcher_mp
uk,Conservatives,Kelly Tolhurst ,@kellytolhurst
uk,Conservatives,Kemi Badenoch,@kemibadenoch
uk,Conservatives,Kevin Foster ,@kevin_j_foster
uk,Conservatives,Kevin Hollinrake ,@kevinhollinrake
uk,Conservatives,Kieran John Mullan,@kieranmullanuk
uk,Conservatives,Kit Malthouse ,@kitmalthouse
uk,Conservatives,Kwasi Kwarteng ,@kwasikwarteng
uk,Conservatives,Laura Farris,@laura__farris
uk,Conservatives,Laurence Robertson ,@lrobertsontewks
uk,Conservatives,Lee Anderson,@leeandersonmp
uk,Conservatives,Lee Benjamin Rowley,@lee4ned
uk,Conservatives,Leo Docherty,@leodochertyuk
uk,Conservatives,Lia Nici,@lia_nici
uk,Conservatives,Lucy Allan ,@lucyallan
uk,Conservatives,Lucy Frazer ,@lucyfrazermp
uk,Conservatives,Luke Evans,@drlukeevans
uk,Conservatives,Luke Hall ,@lukehall
uk,Conservatives,Maggie Throup ,@maggie_erewash
uk,Conservatives,Marco Longhi,@marcolonghi4dn
uk,Conservatives,Marcus Fysh ,@marcusfysh
uk,Conservatives,Marcus Jones ,@marcus4nuneaton
uk,Conservatives,Maria Caulfield ,@mariacaulfield
uk,Conservatives,Maria Miller ,@mariamilleruk
uk,Conservatives,Mark Eastwood,@mark4dewsbury
uk,Conservatives,Mark Garnier ,@mark4wyreforest
uk,Conservatives,Mark Harper ,@mark_j_harper
uk,Conservatives,Mark Jenkinson,@markjenkinsonmp
uk,Conservatives,Mark Pawsey ,@markpawsey
uk,Conservatives,Mark Pritchard ,@mpritcharduk
uk,Conservatives,Mark Spencer ,@mark_spencer
uk,Conservatives,Martin Vickers ,@martinvickers
uk,Conservatives,Mary Robinson ,@maryrobinson01
uk,Conservatives,Matt Vickers,@matt_vickersmp
uk,Conservatives,Matt Warman ,@mattwarman
uk,Conservatives,Matthew Hancock ,@matthancock
uk,Conservatives,Matthew Offord,@offord4hendon
uk,Conservatives,Mel Stride,@meljstride
uk,Conservatives,Michael Ellis ,@michael_ellis1
uk,Conservatives,Michael Fabricant ,@mike_fabricant
uk,Conservatives,Michael Gove ,@michaelgove
uk,Conservatives,Michael Tomlinson ,@michael4mdnp
uk,Conservatives,Michelle Donelan ,@michelledonelan
uk,Conservatives,Mike Wood ,@mikejwood
uk,Conservatives,Mims Davies ,@mimsdavies
uk,Conservatives,Nadhim Zahawi ,@nadhimzahawi
uk,Conservatives,Natalie Elphicke,@natalieelphicke
uk,Conservatives,Neil Hudson,@drneilhudson
uk,Conservatives,Neil O'Brien,@neildotobrien
uk,Conservatives,Neil Parish ,@neil_parish
uk,Conservatives,Nicholas Fletcher,@nickfletchermp
uk,Conservatives,Nick Gibb,@nickgibbuk
uk,Conservatives,Nickie Aiken,@twocitiesnickie
uk,Conservatives,Nicola Faye Richards,@nicola4wbe
uk,Conservatives,Nigel Adams,@nadams
uk,Conservatives,Nigel Evans,@nigelmp
uk,Conservatives,Nigel Huddleston ,@huddlestonnigel
uk,Conservatives,Nigel Mills ,@nigelmills
uk,Conservatives,Nusrat Ghani ,@nus_ghani
uk,Conservatives,Oliver Dowden,@oliverdowden
uk,Conservatives,Oliver Heald QC ,@oliverhealduk
uk,Conservatives,Owen Paterson ,@owenpaterson
uk,Conservatives,Paul Bristow,@paulbristow79
uk,Conservatives,Paul Holmes,@pauljholmes
uk,Conservatives,Paul Howell,@paulhowellmp
uk,Conservatives,Paul Maynard ,@paulmaynarduk
uk,Conservatives,Paul Scully ,@scullyp
uk,Conservatives,Pauline Latham ,@pauline_latham
uk,Conservatives,Penny Mordaunt ,@pennymordaunt
uk,Conservatives,Peter Aldous ,@peter_aldous
uk,Conservatives,Peter Bone ,@peterboneuk
uk,Conservatives,Peter Gibson,@gibbo4darlo
uk,Conservatives,Philip Davies ,@philipdaviesuk
uk,Conservatives,Philip Dunne,@dunne4ludlow
uk,Conservatives,Priti Patel ,@pritipatel
uk,Conservatives,Rachel Maclean,@redditchrachel
uk,Conservatives,Ranil Jayawardena ,@teamranil
uk,Conservatives,Rebecca Harris ,@rebeccaharrismp
uk,Conservatives,Rebecca Pow ,@pow_rebecca
uk,Conservatives,Rehman Chishti ,@rehman_chishti
uk,Conservatives,Richard Bacon,@richardbaconmp
uk,Conservatives,Richard Graham ,@richardgrahamuk
uk,Conservatives,Richard Holden,@richolden
uk,Conservatives,Rishi Sunak,@rishisunak
uk,Conservatives,Rob Butler,@aylesburytories
uk,Conservatives,Robbie Moore,@_robbiemoore
uk,Conservatives,Robert Buckland ,@robertbuckland
uk,Conservatives,Robert Courts ,@robertcourts
uk,Conservatives,Robert Halfon ,@halfon4harlowmp
uk,Conservatives,Robert Jenrick ,@robertjenrick
uk,Conservatives,Robert Largan,@robertlargan
uk,Conservatives,Robert Neill ,@neill_bob
uk,Conservatives,Robert Syms ,@robertsyms
uk,Conservatives,Robin John Millar,@robinmillarmp
uk,Conservatives,Robin Walker ,@walkerworcester
uk,Conservatives,Roger Gale,@sirrogergale
uk,Conservatives,Royston Smith ,@royston_smith
uk,Conservatives,Ruth Edwards,@ruthedwardsmp
uk,Conservatives,Sajid Javid ,@sajidjavid
uk,Conservatives,Sally-Ann Hart,@sallyann1066
uk,Conservatives,Saqib Bhatti,@bhatti_saqib
uk,Conservatives,Sara Britcliffe,@sarbritcliffemp
uk,Conservatives,Sarah Atherton,@athertonnwales
uk,Conservatives,Sarah Dines,@dines4dales
uk,Conservatives,Scott Lloyd Benton,@scottbentonmp
uk,Conservatives,Scott Mann ,@scottmann4nc
uk,Conservatives,Selaine Saxby,@selainesaxby
uk,Conservatives,Shailesh Vara,@shaileshvara
uk,Conservatives,Shaun Bailey,@shaun4wbw
uk,Conservatives,Sheryll Murray ,@sheryllmurray
uk,Conservatives,Simon Baynes,@baynes_simon
uk,Conservatives,Simon Clarke,@simonclarkemp
uk,Conservatives,Simon Fell,@simonfell
uk,Conservatives,Simon Hart ,@simonhartmp
uk,Conservatives,Simon Hoare ,@simon4ndorset
uk,Conservatives,Simon Jupp,@simonjamesjupp
uk,Conservatives,Siobhan Baillie,@siobhan_baillie
uk,Conservatives,Stephen Barclay ,@stevebarclay
uk,Conservatives,Stephen Crabb ,@scrabbpembs
uk,Conservatives,Stephen Hammond,@s_hammond
uk,Conservatives,Stephen McPartland ,@smcpartland
uk,Conservatives,Stephen Metcalfe ,@metcalfe_sbet
uk,Conservatives,Steve Brine,@brinemp
uk,Conservatives,Steve Double ,@stevedouble
uk,Conservatives,Steven Baker ,@stevebakerhw
uk,Conservatives,Stuart Andrew,@stuartandrew
uk,Conservatives,Stuart Paul Anderson,@stuart4wolvessw
uk,Conservatives,Suella Fernandes ,@suellabraverman
uk,Conservatives,Suzanne Webb,@q66suzi
uk,Conservatives,Theo Clarke,@theodoraclarke
uk,Conservatives,Theresa May ,@theresa_may
uk,Conservatives,Tim Loughton ,@timloughton
uk,Conservatives,Tobias Ellwood,@tobias_ellwood
uk,Conservatives,Tom Hunt,@tomhunt1988
uk,Conservatives,Tom Pursglove ,@votepursglove
uk,Conservatives,Tom Randall,@tom_randall
uk,Conservatives,Tom Tugendhat ,@tomtugendhat
uk,Conservatives,Tracey Crouch ,@tracey_crouch
uk,Conservatives,Vicky Ford,@vickyford
uk,Conservatives,Victoria Prentis ,@victoriaprentis
uk,Conservatives,Wendy Morton ,@morton_wendy
uk,Conservatives,Will Quince ,@willquince
uk,Conservatives,William Cash ,@billcashmp
uk,Conservatives,William Wragg ,@william_wragg
uk,DUP,Carla Lockhart,@carlalockhart
uk,DUP,Gavin Robinson ,@grobinsondup
uk,DUP,Jeffrey M. Donaldson ,@j_donaldson_mp
uk,DUP,Paul Girvan,@paulgirvanmp
uk,DUP,Sammy Wilson ,@eastantrimmp
uk,Green Party,Caroline Lucas ,@carolinelucas
uk,Labour,Abena Oppong-Asare,@abenaopp
uk,Labour,Afzal Khan,@afzal4gorton
uk,Labour,Alan Campbell ,@alancampbellmp
uk,Labour,Alex Cunningham ,@acunninghammp
uk,Labour,Alex Davies-Jones,@alexdaviesjones
uk,Labour,Alex Norris,@alexnorrisnn
uk,Labour,Alex Sobel,@alexsobel
uk,Labour,Alison McGovern ,@alison_mcgovern
uk,Labour,Andrew Gwynne ,@gwynnemp
uk,Labour,Andy McDonald ,@andymcdonaldmp
uk,Labour,Andy Slaughter ,@hammersmithandy
uk,Labour,Angela Eagle ,@angelaeagle
uk,Labour,Angela Rayner ,@angelarayner
uk,Labour,Anna McMorrin,@annamcmorrin
uk,Labour,Anneliese Dodds,@anneliesedodds
uk,Labour,Apsana Begum,@apsanabegummp
uk,Labour,Bambos Charalambous,@bambos_mp
uk,Labour,Barbara Keeley ,@keeleymp
uk,Labour,Barry Gardiner ,@barrygardiner
uk,Labour,Barry Sheerman ,@barrysheerman
uk,Labour,Bell Ribeiro-Addy,@bellribeiroaddy
uk,Labour,Ben Bradshaw ,@benpbradshaw
uk,Labour,Beth Winter,@bethwintermp
uk,Labour,Bill Esterson ,@bill_esterson
uk,Labour,Bridget Phillipson ,@bphillipsonmp
uk,Labour,Carolyn Harris ,@carolynharris24
uk,Labour,Cat Smith ,@catsmithmp
uk,Labour,Catherine McKinnell ,@catmckinnell
uk,Labour,Catherine West ,@catherinewest1
uk,Labour,Charlotte Nichols,@charlotte2153
uk,Labour,Chi Onwurah ,@chionwurah
uk,Labour,Chris Bryant ,@rhonddabryant
uk,Labour,Chris Elmore ,@cpjelmore
uk,Labour,Chris Evans,@chris_evansmp
uk,Labour,Christian Matheson ,@chrism4chester
uk,Labour,Christina Rees ,@rees4neath
uk,Labour,Clive Efford ,@cliveefford
uk,Labour,Clive Lewis ,@labourlewis
uk,Labour,Conor McGinn ,@conormcginn
uk,Labour,Dan Carden,@dancardenmp
uk,Labour,Dan Jarvis ,@danjarvismp
uk,Labour,Daniel Zeichner ,@danielzeichner
uk,Labour,Darren Jones,@darrenpjones
uk,Labour,David Lammy ,@davidlammy
uk,Labour,Dawn Butler ,@dawnbutlerbrent
uk,Labour,Debbie Abrahams ,@debbie_abrahams
uk,Labour,Derek Twigg ,@derektwiggmp
uk,Labour,Diana Johnson ,@dianajohnsonmp
uk,Labour,Diane Abbott ,@hackneyabbott
uk,Labour,Dr Alan Whitehead ,@alanwhiteheadmp
uk,Labour,Dr Rosena Allin-Khan ,@drrosena
uk,Labour,Dr Rupa Huq ,@rupahuq
uk,Labour,Edward Miliband ,@ed_miliband
uk,Labour,Ellie Reeves,@elliereeves
uk,Labour,Emily Thornberry ,@emilythornberry
uk,Labour,Emma Hardy,@emmahardymp
uk,Labour,Emma Lewell-Buck ,@emmalewellbuck
uk,Labour,Fabian Hamilton,@fabianleedsne
uk,Labour,Feryal Clark,@feryalclark
uk,Labour,Fleur Anderson,@putneyfleur
uk,Labour,Florence Eshalomi,@floeshalomi
uk,Labour,Gareth Thomas ,@gareththomasmp
uk,Labour,Geraint Davies ,@geraintdaviesmp
uk,Labour,Gerald Jones ,@geraldjoneslab
uk,Labour,Gill Furniss ,@gillfurnissmp
uk,Labour,Grahame Morris ,@grahamemorris
uk,Labour,Harriet Harman QC ,@harrietharman
uk,Labour,Helen Hayes ,@helenhayes_
uk,Labour,Hilary Benn ,@hilarybennmp
uk,Labour,Holly Lynch ,@hollylynch5
uk,Labour,Ian Byrne,@ianbyrnemp
uk,Labour,Ian Lavery ,@ianlaverymp
uk,Labour,Ian Mearns ,@ianmearnsmp
uk,Labour,Ian Murray ,@ianmurraymp
uk,Labour,Imran Hussain ,@imran_hussainmp
uk,Labour,Jack Dromey ,@jackdromeymp
uk,Labour,James Murray,@jamesmurray_ldn
uk,Labour,Janet Daby,@janetdaby
uk,Labour,Jeff Smith ,@jeffsmithetc
uk,Labour,Jess Phillips ,@jessphillips
uk,Labour,Jessica Morden ,@jessicamordenmp
uk,Labour,Jim McMahon ,@jimfromoldham
uk,Labour,Jo Stevens ,@jostevenslabour
uk,Labour,John Cryer,@johncryermp
uk,Labour,John Healey ,@johnhealey_mp
uk,Labour,John McDonnell ,@johnmcdonnellmp
uk,Labour,John Spellar ,@spellar
uk,Labour,Jon Cruddas ,@joncruddas_1
uk,Labour,Jon Trickett ,@jon_trickett
uk,Labour,Jonathan Ashworth ,@jonashworth
uk,Labour,Jonathan Reynolds ,@jreynoldsmp
uk,Labour,Judith Cummins ,@judithcummins
uk,Labour,Julie Elliott ,@julieelliottmp
uk,Labour,Justin Madders ,@justinmadders
uk,Labour,Karen Buck ,@karenpbuckmp
uk,Labour,Karin Smyth ,@karinsmyth
uk,Labour,Karl Turner ,@karlturnermp
uk,Labour,Kate Green ,@kategreensu
uk,Labour,Kate Hollern ,@kate_hollernmp
uk,Labour,Kate Osamor ,@kateosamor
uk,Labour,Kate Osborne,@kateosbornemp
uk,Labour,Keir Starmer ,@keir_starmer
uk,Labour,Kerry McCarthy ,@kerrymp
uk,Labour,Kevan Jones ,@kevanjonesmp
uk,Labour,Kevin Brennan ,@kevinbrennanmp
uk,Labour,Khalid Mahmood,@khalid4pb
uk,Labour,Kim Johnson,@kimjohnsonmp
uk,Labour,Liam Byrne ,@liambyrnemp
uk,Labour,Lilian Greenwood ,@liliangreenwood
uk,Labour,Lisa Nandy ,@lisanandy
uk,Labour,Liz Kendall ,@leicesterliz
uk,Labour,Liz Twist,@liztwistmp
uk,Labour,Lloyd Russell-Moyle,@lloyd_rm
uk,Labour,Louise Haigh ,@louhaigh
uk,Labour,Lucy Powell ,@lucympowell
uk,Labour,Luke Pollard,@lukepollard
uk,Labour,Lyn Brown ,@lynbrownmp
uk,Labour,Margaret Greenwood ,@mgreenwoodww
uk,Labour,Margaret Hodge ,@margarethodge
uk,Labour,Maria Eagle ,@meaglemp
uk,Labour,Marie Rimmer ,@marierimmer
uk,Labour,Mark Hendrick,@mphendrick
uk,Labour,Mark Tami ,@marktamimp
uk,Labour,Marsha de Cordova,@marshadecordova
uk,Labour,Mary Foy,@marykfoy
uk,Labour,Mary Glindon,@glindonmary
uk,Labour,Matt Rodda,@mattrodda
uk,Labour,Matt Western,@mattwestern_
uk,Labour,Matthew Pennycook ,@mtpennycook
uk,Labour,Meg Hillier ,@meg_hilliermp
uk,Labour,Mick Whitley,@mickwhitleymp
uk,Labour,Mike Amesbury,@mikeamesburymp
uk,Labour,Mike Hill,@mikehillmp
uk,Labour,Mike Kane ,@mikekanemp
uk,Labour,Mohammad Yasin,@yasinforbedford
uk,Labour,Nadia Whittome,@nadiawhittomemp
uk,Labour,Nav Mishra,@navpmishra
uk,Labour,Naz Shah ,@nazshahbfd
uk,Labour,Neil Coyle ,@coyleneil
uk,Labour,Nia Griffith ,@niagriffithmp
uk,Labour,Nick Smith ,@blaenaugwentmp
uk,Labour,Nick Thomas-Symonds ,@nicktorfaen
uk,Labour,Olivia Frances Blake,@_oliviablake
uk,Labour,Pat McFadden ,@patmcfaddenmp
uk,Labour,Paul Blomfield ,@paulblomfieldmp
uk,Labour,Paula Barker,@paulabarkermp
uk,Labour,Peter Dowd ,@peter_dowd
uk,Labour,Peter Kyle ,@peterkyle
uk,Labour,Preet Gill,@preetkgillmp
uk,Labour,Rachael Maskell ,@rachaelmaskell
uk,Labour,Rachel Hopkins,@rach_hopkins
uk,Labour,Rachel Reeves ,@rachelreevesmp
uk,Labour,Rebecca Long-Bailey,@rlong_bailey
uk,Labour,Richard Burgon ,@richardburgon
uk,Labour,Rosie Cooper ,@rosie4westlancs
uk,Labour,Rosie Duffield,@rosieduffield1
uk,Labour,Rushanara Ali ,@rushanaraali
uk,Labour,Ruth Cadbury ,@ruthcadbury
uk,Labour,Ruth Jones,@ruthnewportwest
uk,Labour,Sam Tarry,@samtarry
uk,Labour,Sarah Champion ,@sarahchampionmp
uk,Labour,Sarah Jones,@laboursj
uk,Labour,Sarah Owen,@sarahowen_
uk,Labour,Seema Malhotra ,@seemamalhotra1
uk,Labour,Shabana Mahmood ,@shabanamahmood
uk,Labour,Sharon Hodgson ,@sharonhodgsonmp
uk,Labour,Siobhain McDonagh,@siobhain_mc
uk,Labour,Stella Creasy ,@stellacreasy
uk,Labour,Stephanie Peacock,@steph_peacock
uk,Labour,Stephen Doughty ,@sdoughtymp
uk,Labour,Stephen Kinnock ,@skinnock
uk,Labour,Stephen Morgan,@stephenmorganmp
uk,Labour,Stephen Timms ,@stephenctimms
uk,Labour,Steve McCabe ,@steve_mccabe
uk,Labour,Steve Reed ,@stevereedmp
uk,Labour,Tahir Ali,@tahiralimp
uk,Labour,Taiwo Owatemi,@taiwoowatemi
uk,Labour,Tanmanjit Singh Dhesi,@tandhesi
uk,Labour,Thangam Debbonaire ,@thangammp
uk,Labour,Toby Perkins ,@tobyperkinsmp
uk,Labour,Tonia Antoniazzi,@toniaantoniazzi
uk,Labour,Tony Lloyd,@tony4rochdale
uk,Labour,Tracy Brabin ,@tracybrabin
uk,Labour,Tulip Siddiq ,@tulipsiddiq
uk,Labour,Valerie Vaz ,@valerie_vazmp
uk,Labour,Vicky Foxcroft ,@vickyfoxcroft
uk,Labour,Virendra Sharma ,@virendrasharma
uk,Labour,Wayne David ,@waynedavid_mp
uk,Labour,Wes Streeting ,@wesstreeting
uk,Labour,Yasmin Qureshi ,@yasminqureshimp
uk,Labour,Yvette Cooper ,@yvettecoopermp
uk,Labour,Yvonne Fovargue ,@y_fovarguemp
uk,Labour,Zarah Sultana,@zarahsultana
uk,LibDem,Alistair Carmichael,@amcarmichaelmp
uk,LibDem,Christine Jardine,@cajardinemp
uk,LibDem,Daisy Cooper,@libdemdaisy
uk,LibDem,Edward Davey,@edwardjdavey
uk,LibDem,Jamie Stone,@jamie4north
uk,LibDem,Layla Moran,@laylamoran
uk,LibDem,Munira Wilson,@munirawilson
uk,LibDem,Sarah Olney,@sarahjolney1
uk,LibDem,Tim Farron,@timfarron
uk,LibDem,Wendy Chamberlain,@wendychambld
uk,LibDem,Wera Hobhouse,@wera_hobhouse
uk,Plaid Cymru,Ben Lake,@benmlake
uk,Plaid Cymru,Hywel Williams ,@hywelplaidcymru
uk,Plaid Cymru,Liz Saville Roberts ,@lsrplaid
uk,SDLP,Claire Hanna,@clairehanna
uk,SDLP,Colum Eastwood,@columeastwood
uk,SNP,Alan Brown ,@alanbrownsnp
uk,SNP,Alison Thewliss ,@alisonthewliss
uk,SNP,Alyn Smith,@alynsmith
uk,SNP,Amy Callaghan,@amycallaghansnp
uk,SNP,Angus MacNeil ,@angusmacneilsnp
uk,SNP,Anne McLaughlin ,@annemclaughlin
uk,SNP,Brendan O'Hara ,@brendanoharamp
uk,SNP,Carol Monaghan ,@cmonaghansnp
uk,SNP,Chris Law ,@chrislawsnp
uk,SNP,Chris Stephens ,@chrisstephens
uk,SNP,Dave Doogan,@davedoogansnp
uk,SNP,David Linden,@davidlinden
uk,SNP,Deidre Brock ,@deidrebrock
uk,SNP,Douglas Chapman ,@dougchapmansnp
uk,SNP,Dr Philippa Whitford ,@dr_philippaw
uk,SNP,Drew Hendry ,@drewhendrysnp
uk,SNP,Gavin Newlands ,@gavnewlandssnp
uk,SNP,Hannah Bardell ,@hannahb4livimp
uk,SNP,Ian Blackford ,@ianblackford_mp
uk,SNP,Joanna Cherry QC ,@joannaccherry
uk,SNP,John Nicolson ,@mrjohnnicolson
uk,SNP,Johnny McNally,@johnmcnallysnp
uk,SNP,Kenny MacAskill,@kennymacaskill
uk,SNP,Kirsten Oswald ,@kirstenoswald
uk,SNP,Kirsty Blackman ,@kirstysnp
uk,SNP,Lisa Cameron,@drlisacameronmp
uk,SNP,Marion Fellows ,@marionfellows
uk,SNP,Martin Docherty-Hughes,@martinjdocherty
uk,SNP,Martyn Day ,@martyndaysnp
uk,SNP,Mhairi Black ,@mhairiblack
uk,SNP,Neil Gray ,@neilgraysnp
uk,SNP,Owen Thompson ,@owenthompson
uk,SNP,Patricia Gibson ,@pgibsonsnp
uk,SNP,Patrick Grady ,@gradysnp
uk,SNP,Pete Wishart ,@petewishart
uk,SNP,Peter Grant ,@petergrantmp
uk,SNP,Richard Gordon Thomson,@rthomsonmp
uk,SNP,Ronnie Cowan ,@ronniecowan
uk,SNP,Stephen Flynn,@stephenflynnsnp
uk,SNP,Steven Bonnar,@stevenbonnarsnp
uk,SNP,Stewart Hosie ,@stewarthosiesnp
uk,SNP,Stewart Malcolm McDonald ,@stewartmcdonald
uk,SNP,Stuart C. McDonald ,@stuart_mcdonald
uk,SNP,Tommy Sheppard ,@tommysheppard
uk,Sinn Féin,Christopher Hazzard,@chrishazzardsf
uk,Sinn Féin,Francie Molloy ,@franciemolloy
uk,Sinn Féin,John Finucane,@johnfinucane
uk,Sinn Féin,Michelle Gildernew,@gildernewm
uk,Sinn Féin,Mickey Brady ,@mickeybradysf
uk,Sinn Féin,Paul Maskey ,@paulmaskeymp
uk,Sinn Féin,Órfhlaith Begley,@orfhlaithbegley
uk,Speaker,Lindsay Hoyle,@lindsayhoyle_mp
wales,Conservatives,Altaf Hussain,@altafhussainsww
wales,Conservatives,Andrew RT Davies,@andrewrtdavies
wales,Conservatives,Angela Burns,@angelajburns
wales,Conservatives,Darren Millar,@darrenmillarms
wales,Conservatives,David Melding,@davidmeldingms
wales,Conservatives,Gareth Davies,@garethdaviesvoc
wales,Conservatives,James Evans,@jamesevansms
wales,Conservatives,Janet Finch-Saunders,@jfinchsaunders
wales,Conservatives,Janet Finch-Saunders,"@jfinchsaunders
"
wales,Conservatives,Joel James,@joeljamesswc
wales,Conservatives,Laura Anne Jones,@lauraj4sweast
wales,Conservatives,Mark Isherwood,@markisherwoodms
wales,Conservatives,Natasha Asghar,@natasghar
wales,Conservatives,Nick Ramsay,@nickramsayam
wales,Conservatives,Paul Davies,@pauldaviespembs
wales,Conservatives,Paul Davies,"@pauldaviespembs
"
wales,Conservatives,Peter Fox,@peterfox61
wales,Conservatives,Russell George,@russ_george
wales,Conservatives,Sam Rowlands,@samrowlands_
wales,Conservatives,Samuel Kurtz,@skurtzcwsp
wales,Conservatives,Suzy Davies ,@suzydaviesms
wales,Conservatives,Tom Giffard,@tomgiffard
wales,Labour,Alun Davies,@alundaviesms
wales,Labour,Ann Jones,@ann_jonesam
wales,Labour,Carolyn Thomas,@cthomasms
wales,Labour,Carwyn Jones,@amcarwyn
wales,Labour,David Rees,@davidreesms
wales,Labour,Dawn Bowden,@dawn_bowden
wales,Labour,Elizabeth Williams,@buffywills
wales,Labour,Eluned Morgan,@eluned_morgan
wales,Labour,Hannah Blythyn,@hannahblythyn
wales,Labour,Hefin David,@hef4caerphilly
wales,Labour,Huw Irranca-Davies,@huw4ogmore
wales,Labour,Jack Sargeant ,@jacksargeantam
wales,Labour,Jane Hutt,@janehutt
wales,Labour,Jayne Bryant,@jbryantwales
wales,Labour,Jenny Rathbone,@jennyrathbone
wales,Labour,Jenny Rathbone,"@jennyrathbone
"
wales,Labour,Jeremy Miles,@jeremy_miles
wales,Labour,John Griffiths,@jgriffithslab
wales,Labour,Julie James,@juliejamesms
wales,Labour,Julie Morgan,@juliemorganlab
wales,Labour,Lee Waters,@amanwy
wales,Labour,Lesley Griffiths,@lesley4wrexham
wales,Labour,Lynne Neagle,@lynne_neagle
wales,Labour,Mark Drakeford,@markdrakeford
wales,Labour,Mick Antoniw,@mickantoniw1
wales,Labour,Mike Hedges,@mikehedgesam
wales,Labour,Rebecca Evans,@rebeccaevansms
wales,Labour,Rhianon Passmore,@rhi4islwyn
wales,Labour,Sarah Murphy,@sarah4bridgend
wales,Labour,Vaughan Gething,@vaughangething
wales,Labour,Vaughan Gething,"@vaughangething
"
wales,Labour,Vikki Howells,@vikkihowells
wales,LibDem,Jane Dodds,@doddsjane
wales,LibDem,Kirsty Williams ,@kirsty_williams
wales,Plaid Cymru,Adam Price,@adamprice
wales,Plaid Cymru,Bethan Sayed,@bethanjenkins
wales,Plaid Cymru,Cefin Campbell,@cefincampbell
wales,Plaid Cymru,Dai Lloyd,@dailloydas
wales,Plaid Cymru,Delyth Jewell,@delythjewell
wales,Plaid Cymru,Elin Jones,@elinceredigion
wales,Plaid Cymru,Heledd Fychan,@heledd_plaid
wales,Plaid Cymru,Helen Mary Jones,@helenmarycymru
wales,Plaid Cymru,Leanne Wood,@leannewood
wales,Plaid Cymru,Leanne Wood,"@leannewood
"
wales,Plaid Cymru,Llyr Gruffydd ,@llyrgruffydd
wales,Plaid Cymru,Luke Fletcher,@fletcherplaid
wales,Plaid Cymru,Mabon ap Gwynfor,@mabonapgwynfor
wales,Plaid Cymru,Peredur Owen Griffiths,@peredurplaidas
wales,Plaid Cymru,Rhun ap Iorwerth ,@rhunapiorwerth
wales,Plaid Cymru,Rhys ab Owen,@rhysowenthomas
wales,Plaid Cymru,Sioned Williams,@sioned_w
wales,Plaid Cymru,"Siân
Gwenllian",@siangwenfelin
